URL,Name,FullName,Team,POS,AGE,HT,WT,COLLEGE,SALARY
https://www.espn.com/nba/player/_/id/3917376/jaylen-brown,Jaylen Brown7,jaylenbrown,BostonCeltics,SG,25,"6' 6""",223 lbs,California,"$26,758,928"
https://www.espn.com/nba/player/_/id/4277952/bruno-fernando,Bruno Fernando28,brunofernando,BostonCeltics,F,23,"6' 9""",240 lbs,Maryland,"$1,782,621"
https://www.espn.com/nba/player/_/id/4065804/sam-hauser,Sam Hauser30,samhauser,BostonCeltics,SF,23,"6' 7""",217 lbs,Virginia,--
https://www.espn.com/nba/player/_/id/4017839/juancho-hernangomez,Juancho Hernangomez41,juanchohernangomez,BostonCeltics,F,26,"6' 9""",214 lbs,--,"$6,907,815"
https://www.espn.com/nba/player/_/id/3213/al-horford,Al Horford42,alhorford,BostonCeltics,C,35,"6' 9""",240 lbs,Florida,"$27,000,000"
https://www.espn.com/nba/player/_/id/6447/enes-kanter,Enes Kanter13,eneskanter,BostonCeltics,C,29,"6' 10""",250 lbs,Kentucky,"$1,669,178"
https://www.espn.com/nba/player/_/id/4397008/romeo-langford,Romeo Langford9,romeolangford,BostonCeltics,SG,22,"6' 5""",216 lbs,Indiana,"$3,804,360"
https://www.espn.com/nba/player/_/id/4396909/aaron-nesmith,Aaron Nesmith26,aaronnesmith,BostonCeltics,SF,22,"6' 5""",215 lbs,Vanderbilt,"$3,631,200"
https://www.espn.com/nba/player/_/id/3056600/jabari-parker,Jabari Parker20,jabariparker,BostonCeltics,PF,26,"6' 7""",245 lbs,Duke,"$1,669,178"
https://www.espn.com/nba/player/_/id/4066354/payton-pritchard,Payton Pritchard11,paytonpritchard,BostonCeltics,PG,23,"6' 1""",195 lbs,Oregon,"$2,137,440"
https://www.espn.com/nba/player/_/id/2581190/josh-richardson,Josh Richardson8,joshrichardson,BostonCeltics,SG,28,"6' 5""",200 lbs,Tennessee,"$11,615,328"
https://www.espn.com/nba/player/_/id/3032979/dennis-schroder,Dennis Schroder71,dennisschroder,BostonCeltics,PG,28,"6' 1""",172 lbs,--,"$5,890,000"
https://www.espn.com/nba/player/_/id/2990992/marcus-smart,Marcus Smart36,marcussmart,BostonCeltics,PG,27,"6' 4""",220 lbs,Oklahoma State,"$14,339,285"
https://www.espn.com/nba/player/_/id/4065648/jayson-tatum,Jayson Tatum0,jaysontatum,BostonCeltics,SF,23,"6' 8""",210 lbs,Duke,"$28,103,500"
https://www.espn.com/nba/player/_/id/4407254/brodric-thomas,Brodric Thomas97,brodricthomas,BostonCeltics,G,24,"6' 5""",185 lbs,Truman State,--
https://www.espn.com/nba/player/_/id/4066218/grant-williams,Grant Williams12,grantwilliams,BostonCeltics,PF,22,"6' 6""",236 lbs,Tennessee,"$2,617,800"
https://www.espn.com/nba/player/_/id/4066211/robert-williams-iii,Robert Williams III44,robertwilliamsiii,BostonCeltics,C,24,"6' 9""",237 lbs,Texas A&M,"$3,661,976"
https://www.espn.com/nba/player/_/id/2983/lamarcus-aldridge,LaMarcus Aldridge21,lamarcusaldridge,BrooklynNets,F,36,"6' 11""",250 lbs,Texas,"$1,669,178"
https://www.espn.com/nba/player/_/id/3062667/deandre-bembry,DeAndre' Bembry95,deandrebembry,BrooklynNets,SG,27,"6' 5""",210 lbs,Saint Joseph's,"$1,669,178"
https://www.espn.com/nba/player/_/id/4065670/bruce-brown,Bruce Brown1,brucebrown,BrooklynNets,SF,25,"6' 4""",202 lbs,Miami (FL),"$4,736,102"
https://www.espn.com/nba/player/_/id/3133635/jevon-carter,Jevon Carter0,jevoncarter,BrooklynNets,PG,26,"6' 1""",200 lbs,West Virginia,"$3,650,000"
https://www.espn.com/nba/player/_/id/4278067/nic-claxton,Nic Claxton33,nicclaxton,BrooklynNets,PF,22,"6' 11""",215 lbs,Georgia,"$1,782,621"
https://www.espn.com/nba/player/_/id/4397107/david-duke-jr,David Duke Jr.6,daviddukejr,BrooklynNets,G,22,"6' 4""",204 lbs,Providence,--
https://www.espn.com/nba/player/_/id/3202/kevin-durant,Kevin Durant7,kevindurant,BrooklynNets,PF,33,"6' 10""",240 lbs,Texas,"$42,018,900"
https://www.espn.com/nba/player/_/id/4397693/kessler-edwards,Kessler Edwards14,kessleredwards,BrooklynNets,SF,21,"6' 7""",203 lbs,Pepperdine,--
https://www.espn.com/nba/player/_/id/3989/blake-griffin,Blake Griffin2,blakegriffin,BrooklynNets,PF,32,"6' 9""",250 lbs,Oklahoma,"$1,669,178"
https://www.espn.com/nba/player/_/id/3992/james-harden,James Harden13,jamesharden,BrooklynNets,SG,32,"6' 5""",220 lbs,Arizona State,"$44,310,840"
https://www.espn.com/nba/player/_/id/2528794/joe-harris,Joe Harris12,joeharris,BrooklynNets,SF,30,"6' 6""",220 lbs,Virginia,"$17,357,143"
https://www.espn.com/nba/player/_/id/6442/kyrie-irving,Kyrie Irving11,kyrieirving,BrooklynNets,PG,29,"6' 2""",195 lbs,Duke,"$35,328,700"
https://www.espn.com/nba/player/_/id/3999/james-johnson,James Johnson16,jamesjohnson,BrooklynNets,PF,34,"6' 7""",240 lbs,Wake Forest,"$1,669,178"
https://www.espn.com/nba/player/_/id/4004/patty-mills,Patty Mills8,pattymills,BrooklynNets,PG,33,"6' 0""",180 lbs,Saint Mary's,"$5,890,000"
https://www.espn.com/nba/player/_/id/3015/paul-millsap,Paul Millsap31,paulmillsap,BrooklynNets,PF,36,"6' 7""",257 lbs,Louisiana Tech,"$1,669,178"
https://www.espn.com/nba/player/_/id/4432194/dayron-sharpe,Day'Ron Sharpe20,dayronsharpe,BrooklynNets,C,20,"6' 9""",265 lbs,North Carolina,"$2,009,040"
https://www.espn.com/nba/player/_/id/4432174/cam-thomas,Cam Thomas24,camthomas,BrooklynNets,SG,20,"6' 3""",210 lbs,LSU,"$2,036,280"
https://www.espn.com/nba/player/_/id/4395625/rj-barrett,RJ Barrett9,rjbarrett,New YorkKnicks,SG,21,"6' 6""",214 lbs,Duke,"$8,623,920"
https://www.espn.com/nba/player/_/id/6429/alec-burks,Alec Burks18,alecburks,New YorkKnicks,SG,30,"6' 6""",214 lbs,Colorado,"$9,536,000"
https://www.espn.com/nba/player/_/id/6588/evan-fournier,Evan Fournier13,evanfournier,New YorkKnicks,SG,29,"6' 6""",205 lbs,--,"$17,000,000"
https://www.espn.com/nba/player/_/id/3986/taj-gibson,Taj Gibson67,tajgibson,New YorkKnicks,C,36,"6' 9""",232 lbs,USC,"$4,910,000"
https://www.espn.com/nba/player/_/id/4397014/quentin-grimes,Quentin Grimes6,quentingrimes,New YorkKnicks,SG,21,"6' 4""",210 lbs,Houston,"$2,168,760"
https://www.espn.com/nba/player/_/id/4278075/kevin-knox-ii,Kevin Knox II20,kevinknoxii,New YorkKnicks,SF,22,"6' 7""",215 lbs,Kentucky,"$5,845,979"
https://www.espn.com/nba/player/_/id/4431823/miles-mcbride,Miles McBride2,milesmcbride,New YorkKnicks,PG,21,"6' 1""",195 lbs,West Virginia,"$925,258"
https://www.espn.com/nba/player/_/id/2991280/nerlens-noel,Nerlens Noel3,nerlensnoel,New YorkKnicks,C,27,"6' 11""",220 lbs,Kentucky,"$8,000,000"
https://www.espn.com/nba/player/_/id/4395724/immanuel-quickley,Immanuel Quickley5,immanuelquickley,New YorkKnicks,SG,22,"6' 3""",190 lbs,Kentucky,"$2,210,640"
https://www.espn.com/nba/player/_/id/3064514/julius-randle,Julius Randle30,juliusrandle,New YorkKnicks,PF,26,"6' 8""",250 lbs,Kentucky,"$21,780,000"
https://www.espn.com/nba/player/_/id/4351852/mitchell-robinson,Mitchell Robinson23,mitchellrobinson,New YorkKnicks,C,23,"7' 0""",240 lbs,--,"$1,802,057"
https://www.espn.com/nba/player/_/id/3456/derrick-rose,Derrick Rose4,derrickrose,New YorkKnicks,PG,33,"6' 2""",200 lbs,Memphis,"$13,445,120"
https://www.espn.com/nba/player/_/id/4423309/luka-samanic,Luka Samanic91,lukasamanic,New YorkKnicks,PF,21,"6' 10""",227 lbs,--,"$2,959,080"
https://www.espn.com/nba/player/_/id/4895499/wayne-selden,Wayne Selden11,wayneselden,New YorkKnicks,F,27,"6' 4""",232 lbs,--,"$1,669,178"
https://www.espn.com/nba/player/_/id/4277922/jericho-sims,Jericho Sims45,jerichosims,New YorkKnicks,PF,23,"6' 9""",250 lbs,Texas,--
https://www.espn.com/nba/player/_/id/4278355/obi-toppin,Obi Toppin1,obitoppin,New YorkKnicks,PF,23,"6' 9""",220 lbs,Dayton,"$5,105,160"
https://www.espn.com/nba/player/_/id/6479/kemba-walker,Kemba Walker8,kembawalker,New YorkKnicks,PG,31,"6' 0""",184 lbs,Connecticut,"$36,016,200"
https://www.espn.com/nba/player/_/id/4397886/charles-bassey,Charles Bassey23,charlesbassey,Philadelphia76ers,C,21,"6' 9""",230 lbs,Western Kentucky,"$925,258"
https://www.espn.com/nba/player/_/id/2326307/seth-curry,Seth Curry31,sethcurry,Philadelphia76ers,SG,31,"6' 2""",185 lbs,Duke,"$8,207,518"
https://www.espn.com/nba/player/_/id/6585/andre-drummond,Andre Drummond1,andredrummond,Philadelphia76ers,C,28,"6' 10""",279 lbs,Connecticut,"$1,669,178"
https://www.espn.com/nba/player/_/id/3059318/joel-embiid,Joel Embiid21,joelembiid,Philadelphia76ers,C,27,"7' 0""",280 lbs,Kansas,"$31,579,390"
https://www.espn.com/nba/player/_/id/3988/danny-green,Danny Green14,dannygreen,Philadelphia76ers,SF,34,"6' 6""",215 lbs,North Carolina,"$10,000,000"
https://www.espn.com/nba/player/_/id/6440/tobias-harris,Tobias Harris12,tobiasharris,Philadelphia76ers,PF,29,"6' 7""",226 lbs,Tennessee,"$35,995,950"
https://www.espn.com/nba/player/_/id/4397209/aaron-henry,Aaron Henry50,aaronhenry,Philadelphia76ers,SF,22,"6' 5""",210 lbs,Michigan State,--
https://www.espn.com/nba/player/_/id/4395702/isaiah-joe,Isaiah Joe7,isaiahjoe,Philadelphia76ers,SG,22,"6' 4""",165 lbs,Arkansas,"$1,517,981"
https://www.espn.com/nba/player/_/id/3929325/furkan-korkmaz,Furkan Korkmaz30,furkankorkmaz,Philadelphia76ers,SG,24,"6' 7""",202 lbs,--,"$4,629,630"
https://www.espn.com/nba/player/_/id/4431678/tyrese-maxey,Tyrese Maxey0,tyresemaxey,Philadelphia76ers,PG,21,"6' 2""",200 lbs,Kentucky,"$2,602,920"
https://www.espn.com/nba/player/_/id/3915195/shake-milton,Shake Milton18,shakemilton,Philadelphia76ers,SG,25,"6' 5""",205 lbs,SMU,"$1,846,738"
https://www.espn.com/nba/player/_/id/2990969/georges-niang,Georges Niang20,georgesniang,Philadelphia76ers,F,28,"6' 7""",230 lbs,Iowa State,"$3,300,000"
https://www.espn.com/nba/player/_/id/4278562/paul-reed,Paul Reed44,paulreed,Philadelphia76ers,SF,22,"6' 9""",210 lbs,DePaul,"$1,517,981"
https://www.espn.com/nba/player/_/id/3912295/grant-riller,Grant Riller5,grantriller,Philadelphia76ers,G,24,"6' 1""",190 lbs,Charleston,--
https://www.espn.com/nba/player/_/id/3907387/ben-simmons,Ben Simmons25,bensimmons,Philadelphia76ers,PG,25,"6' 11""",240 lbs,LSU,"$33,003,936"
https://www.espn.com/nba/player/_/id/4432164/jaden-springer,Jaden Springer11,jadenspringer,Philadelphia76ers,G,19,"6' 4""",202 lbs,Tennessee,"$2,023,800"
https://www.espn.com/nba/player/_/id/3907498/matisse-thybulle,Matisse Thybulle22,matissethybulle,Philadelphia76ers,SG,24,"6' 5""",201 lbs,Washington,"$2,840,160"
https://www.espn.com/nba/player/_/id/4431679/precious-achiuwa,Precious Achiuwa5,preciousachiuwa,TorontoRaptors,PF,22,"6' 8""",225 lbs,Memphis,"$2,711,280"
https://www.espn.com/nba/player/_/id/3934719/og-anunoby,OG Anunoby3,oganunoby,TorontoRaptors,SF,24,"6' 7""",232 lbs,Indiana,"$16,071,429"
https://www.espn.com/nba/player/_/id/4397885/dalano-banton,Dalano Banton45,dalanobanton,TorontoRaptors,PG,22,"6' 7""",204 lbs,Nebraska,"$925,258"
https://www.espn.com/nba/player/_/id/4433134/scottie-barnes,Scottie Barnes4,scottiebarnes,TorontoRaptors,SF,20,"6' 7""",225 lbs,Florida State,"$7,280,520"
https://www.espn.com/nba/player/_/id/2578240/khem-birch,Khem Birch24,khembirch,TorontoRaptors,C,29,"6' 9""",233 lbs,UNLV,"$6,350,000"
https://www.espn.com/nba/player/_/id/4348697/isaac-bonga,Isaac Bonga17,isaacbonga,TorontoRaptors,G,22,"6' 8""",180 lbs,--,"$1,669,178"
https://www.espn.com/nba/player/_/id/3948153/chris-boucher,Chris Boucher25,chrisboucher,TorontoRaptors,PF,28,"6' 9""",200 lbs,Oregon,"$7,020,000"
https://www.espn.com/nba/player/_/id/4432907/justin-champagnie,Justin Champagnie11,justinchampagnie,TorontoRaptors,SF,20,"6' 6""",206 lbs,Pittsburgh,--
https://www.espn.com/nba/player/_/id/3423/goran-dragic,Goran Dragic1,gorandragic,TorontoRaptors,PG,35,"6' 3""",190 lbs,--,"$19,440,000"
https://www.espn.com/nba/player/_/id/4066668/malachi-flynn,Malachi Flynn22,malachiflynn,TorontoRaptors,PG,23,"6' 1""",175 lbs,San Diego State,"$2,048,040"
https://www.espn.com/nba/player/_/id/4592204/david-johnson,David Johnson13,davidjohnson,TorontoRaptors,PG,20,"6' 4""",203 lbs,Louisville,--
https://www.espn.com/nba/player/_/id/3133602/svi-mykhailiuk,Svi Mykhailiuk14,svimykhailiuk,TorontoRaptors,SG,24,"6' 7""",205 lbs,Kansas,"$1,729,217"
https://www.espn.com/nba/player/_/id/3149673/pascal-siakam,Pascal Siakam43,pascalsiakam,TorontoRaptors,PF,27,"6' 8""",230 lbs,New Mexico State,"$33,003,936"
https://www.espn.com/nba/player/_/id/4277843/gary-trent-jr,Gary Trent Jr.33,garytrentjr,TorontoRaptors,SG,22,"6' 5""",209 lbs,Duke,"$16,000,000"
https://www.espn.com/nba/player/_/id/2991230/fred-vanvleet,Fred VanVleet23,fredvanvleet,TorontoRaptors,SG,27,"6' 1""",197 lbs,Wichita State,"$19,675,926"
https://www.espn.com/nba/player/_/id/3133838/yuta-watanabe,Yuta Watanabe18,yutawatanabe,TorontoRaptors,SF,27,"6' 9""",215 lbs,George Washington,"$1,762,796"
https://www.espn.com/nba/player/_/id/4269/nemanja-bjelica,Nemanja Bjelica8,nemanjabjelica,Golden StateWarriors,PF,33,"6' 9""",234 lbs,--,"$1,669,178"
https://www.espn.com/nba/player/_/id/3137795/chris-chiozza,Chris Chiozza2,chrischiozza,Golden StateWarriors,G,25,"5' 11""",175 lbs,Florida,--
https://www.espn.com/nba/player/_/id/3975/stephen-curry,Stephen Curry30,stephencurry,Golden StateWarriors,PG,33,"6' 2""",185 lbs,Davidson,"$45,780,966"
https://www.espn.com/nba/player/_/id/4066786/jeff-dowtin,Jeff Dowtin4,jeffdowtin,Golden StateWarriors,PG,24,"6' 3""",177 lbs,Rhode Island,--
https://www.espn.com/nba/player/_/id/6589/draymond-green,Draymond Green23,draymondgreen,Golden StateWarriors,PF,31,"6' 6""",230 lbs,Michigan State,"$24,026,712"
https://www.espn.com/nba/player/_/id/2386/andre-iguodala,Andre Iguodala9,andreiguodala,Golden StateWarriors,F,37,"6' 6""",215 lbs,Arizona,"$1,669,178"
https://www.espn.com/nba/player/_/id/4433247/jonathan-kuminga,Jonathan Kuminga00,jonathankuminga,Golden StateWarriors,PF,19,"6' 7""",225 lbs,--,"$5,466,360"
https://www.espn.com/nba/player/_/id/2595209/damion-lee,Damion Lee1,damionlee,Golden StateWarriors,SG,29,"6' 5""",210 lbs,Louisville,"$1,910,860"
https://www.espn.com/nba/player/_/id/3155535/kevon-looney,Kevon Looney5,kevonlooney,Golden StateWarriors,C,25,"6' 9""",222 lbs,UCLA,"$5,178,572"
https://www.espn.com/nba/player/_/id/4432171/moses-moody,Moses Moody4,mosesmoody,Golden StateWarriors,SG,19,"6' 5""",211 lbs,Arkansas,"$3,562,200"
https://www.espn.com/nba/player/_/id/3134903/gary-payton-ii,Gary Payton II0,garypaytonii,Golden StateWarriors,G,28,"6' 3""",195 lbs,Oregon State,"$1,669,178"
https://www.espn.com/nba/player/_/id/4277956/jordan-poole,Jordan Poole3,jordanpoole,Golden StateWarriors,SG,22,"6' 4""",194 lbs,Michigan,"$2,161,440"
https://www.espn.com/nba/player/_/id/2594922/otto-porter-jr,Otto Porter Jr.32,ottoporterjr,Golden StateWarriors,SF,28,"6' 8""",198 lbs,Georgetown,"$1,669,178"
https://www.espn.com/nba/player/_/id/6475/klay-thompson,Klay Thompson11,klaythompson,Golden StateWarriors,SG,31,"6' 6""",220 lbs,Washington State,"$37,980,720"
https://www.espn.com/nba/player/_/id/4401416/juan-toscano-anderson,Juan Toscano-Anderson95,juantoscanoanderson,Golden StateWarriors,SF,28,"6' 6""",209 lbs,Marquette,"$1,701,593"
https://www.espn.com/nba/player/_/id/3059319/andrew-wiggins,Andrew Wiggins22,andrewwiggins,Golden StateWarriors,SF,26,"6' 7""",197 lbs,Kansas,"$31,579,390"
https://www.espn.com/nba/player/_/id/4432808/james-wiseman,James Wiseman33,jameswiseman,Golden StateWarriors,C,20,"7' 0""",240 lbs,Memphis,"$9,166,800"
https://www.espn.com/nba/player/_/id/3416/nicolas-batum,Nicolas Batum33,nicolasbatum,LAClippers,PF,32,"6' 8""",230 lbs,--,"$3,170,029"
https://www.espn.com/nba/player/_/id/4238/eric-bledsoe,Eric Bledsoe12,ericbledsoe,LAClippers,SG,31,"6' 1""",214 lbs,Kentucky,"$18,125,000"
https://www.espn.com/nba/player/_/id/4432162/brandon-boston-jr,Brandon Boston Jr.4,brandonbostonjr,LAClippers,SG,19,"6' 6""",188 lbs,Kentucky,"$925,258"
https://www.espn.com/nba/player/_/id/4066387/amir-coffey,Amir Coffey7,amircoffey,LAClippers,SG,24,"6' 7""",210 lbs,Minnesota,--
https://www.espn.com/nba/player/_/id/4251/paul-george,Paul George13,paulgeorge,LAClippers,SG,31,"6' 8""",220 lbs,Fresno State,"$39,344,900"
https://www.espn.com/nba/player/_/id/4222252/isaiah-hartenstein,Isaiah Hartenstein55,isaiahhartenstein,LAClippers,C,23,"7' 0""",250 lbs,--,"$1,669,178"
https://www.espn.com/nba/player/_/id/3439/serge-ibaka,Serge Ibaka9,sergeibaka,LAClippers,C,32,"6' 10""",235 lbs,--,"$9,720,900"
https://www.espn.com/nba/player/_/id/6443/reggie-jackson,Reggie Jackson1,reggiejackson,LAClippers,PG,31,"6' 2""",208 lbs,Boston College,"$10,384,500"
https://www.espn.com/nba/player/_/id/4432192/keon-johnson,Keon Johnson45,keonjohnson,LAClippers,SG,19,"6' 4""",185 lbs,Tennessee,"$2,553,120"
https://www.espn.com/nba/player/_/id/3913174/luke-kennard,Luke Kennard5,lukekennard,LAClippers,SG,25,"6' 5""",206 lbs,Duke,"$13,347,727"
https://www.espn.com/nba/player/_/id/6450/kawhi-leonard,Kawhi Leonard2,kawhileonard,LAClippers,SF,30,"6' 7""",225 lbs,San Diego State,"$36,016,200"
https://www.espn.com/nba/player/_/id/3907823/terance-mann,Terance Mann14,terancemann,LAClippers,SG,25,"6' 5""",215 lbs,Florida State,"$1,782,621"
https://www.espn.com/nba/player/_/id/6462/marcus-morris-sr,Marcus Morris Sr.8,marcusmorrissr,LAClippers,SF,32,"6' 8""",218 lbs,Kansas,"$15,627,907"
https://www.espn.com/nba/player/_/id/4397916/jason-preston,Jason Preston17,jasonpreston,LAClippers,PG,22,"6' 3""",181 lbs,Ohio,"$1,062,303"
https://www.espn.com/nba/player/_/id/4683023/jay-scrubb,Jay Scrubb0,jayscrubb,LAClippers,SG,21,"6' 5""",220 lbs,John A. Logan College,--
https://www.espn.com/nba/player/_/id/3135047/justise-winslow,Justise Winslow20,justisewinslow,LAClippers,PF,25,"6' 6""",222 lbs,Duke,"$3,902,439"
https://www.espn.com/nba/player/_/id/4017837/ivica-zubac,Ivica Zubac40,ivicazubac,LAClippers,C,24,"7' 0""",240 lbs,--,"$7,518,518"
https://www.espn.com/nba/player/_/id/1975/carmelo-anthony,Carmelo Anthony7,carmeloanthony,Los AngelesLakers,PF,37,"6' 7""",238 lbs,Syracuse,"$1,669,178"
https://www.espn.com/nba/player/_/id/2426/trevor-ariza,Trevor Ariza1,trevorariza,Los AngelesLakers,SF,36,"6' 8""",215 lbs,UCLA,"$1,669,178"
https://www.espn.com/nba/player/_/id/6637/kent-bazemore,Kent Bazemore9,kentbazemore,Los AngelesLakers,SF,32,"6' 4""",195 lbs,Old Dominion,"$1,669,178"
https://www.espn.com/nba/player/_/id/4240/avery-bradley,Avery Bradley20,averybradley,Los AngelesLakers,PG,30,"6' 3""",180 lbs,Texas,"$1,669,178"
https://www.espn.com/nba/player/_/id/6583/anthony-davis,Anthony Davis3,anthonydavis,Los AngelesLakers,PF,28,"6' 10""",253 lbs,Kentucky,"$35,361,360"
https://www.espn.com/nba/player/_/id/4423314/sekou-doumbouya,Sekou Doumbouya45,sekoudoumbouya,Los AngelesLakers,SF,20,"6' 9""",230 lbs,--,"$3,613,680"
https://www.espn.com/nba/player/_/id/3981/wayne-ellington,Wayne Ellington2,wayneellington,Los AngelesLakers,SG,33,"6' 4""",207 lbs,North Carolina,"$1,669,178"
https://www.espn.com/nba/player/_/id/4396991/talen-horton-tucker,Talen Horton-Tucker5,talenhortontucker,Los AngelesLakers,SG,20,"6' 4""",234 lbs,Iowa State,"$9,500,000"
https://www.espn.com/nba/player/_/id/2384/dwight-howard,Dwight Howard39,dwighthoward,Los AngelesLakers,C,35,"6' 10""",265 lbs,--,"$1,669,178"
https://www.espn.com/nba/player/_/id/4065731/jay-huff,Jay Huff34,jayhuff,Los AngelesLakers,C,23,"7' 1""",240 lbs,Virginia,--
https://www.espn.com/nba/player/_/id/1966/lebron-james,LeBron James6,lebronjames,Los AngelesLakers,SF,36,"6' 9""",250 lbs,--,"$41,180,544"
https://www.espn.com/nba/player/_/id/3442/deandre-jordan,DeAndre Jordan10,deandrejordan,Los AngelesLakers,C,33,"6' 11""",265 lbs,Texas A&M,"$1,669,178"
https://www.espn.com/nba/player/_/id/4066262/malik-monk,Malik Monk11,malikmonk,Los AngelesLakers,SG,23,"6' 3""",200 lbs,Kentucky,"$1,669,178"
https://www.espn.com/nba/player/_/id/3056247/kendrick-nunn,Kendrick Nunn12,kendricknunn,Los AngelesLakers,G,26,"6' 2""",190 lbs,Oakland,"$5,000,000"
https://www.espn.com/nba/player/_/id/4066457/austin-reaves,Austin Reaves15,austinreaves,Los AngelesLakers,SG,23,"6' 5""",197 lbs,Oklahoma,--
https://www.espn.com/nba/player/_/id/3026/rajon-rondo,Rajon Rondo4,rajonrondo,Los AngelesLakers,PG,35,"6' 1""",180 lbs,Kentucky,"$1,669,178"
https://www.espn.com/nba/player/_/id/3468/russell-westbrook,Russell Westbrook0,russellwestbrook,Los AngelesLakers,PG,33,"6' 3""",200 lbs,UCLA,"$44,211,146"
https://www.espn.com/nba/player/_/id/4278129/deandre-ayton,Deandre Ayton22,deandreayton,PhoenixSuns,C,23,"6' 11""",250 lbs,Arizona,"$12,632,950"
https://www.espn.com/nba/player/_/id/3136193/devin-booker,Devin Booker1,devinbooker,PhoenixSuns,SG,25,"6' 5""",206 lbs,Kentucky,"$31,650,600"
https://www.espn.com/nba/player/_/id/3147657/mikal-bridges,Mikal Bridges25,mikalbridges,PhoenixSuns,SF,25,"6' 6""",209 lbs,Villanova,"$5,557,725"
https://www.espn.com/nba/player/_/id/6581/jae-crowder,Jae Crowder99,jaecrowder,PhoenixSuns,PF,31,"6' 6""",235 lbs,Marquette,"$9,720,900"
https://www.espn.com/nba/player/_/id/3149010/chandler-hutchison,Chandler Hutchison35,chandlerhutchison,PhoenixSuns,SF,25,"6' 6""",210 lbs,Boise State,"$4,019,459"
https://www.espn.com/nba/player/_/id/3138196/cameron-johnson,Cameron Johnson23,cameronjohnson,PhoenixSuns,SF,25,"6' 8""",210 lbs,North Carolina,"$4,437,000"
https://www.espn.com/nba/player/_/id/2579294/frank-kaminsky,Frank Kaminsky8,frankkaminsky,PhoenixSuns,PF,28,"7' 0""",240 lbs,Wisconsin,"$1,669,178"
https://www.espn.com/nba/player/_/id/3452/javale-mcgee,JaVale McGee00,javalemcgee,PhoenixSuns,C,33,"7' 0""",270 lbs,Nevada,"$5,000,000"
https://www.espn.com/nba/player/_/id/2595435/abdel-nader,Abdel Nader11,abdelnader,PhoenixSuns,SF,28,"6' 5""",225 lbs,Iowa State,"$2,000,000"
https://www.espn.com/nba/player/_/id/2779/chris-paul,Chris Paul3,chrispaul,PhoenixSuns,PG,36,"6' 0""",175 lbs,Wake Forest,"$30,000,000"
https://www.espn.com/nba/player/_/id/3064230/cameron-payne,Cameron Payne15,cameronpayne,PhoenixSuns,PG,27,"6' 1""",183 lbs,Murray State,"$6,500,000"
https://www.espn.com/nba/player/_/id/2583639/elfrid-payton,Elfrid Payton2,elfridpayton,PhoenixSuns,PG,27,"6' 3""",195 lbs,Louisiana-Lafayette,"$1,669,178"
https://www.espn.com/nba/player/_/id/3032978/dario-saric,Dario Saric20,dariosaric,PhoenixSuns,PF,27,"6' 10""",225 lbs,--,"$8,510,000"
https://www.espn.com/nba/player/_/id/3914044/landry-shamet,Landry Shamet14,landryshamet,PhoenixSuns,SG,24,"6' 4""",190 lbs,Wichita State,"$3,768,342"
https://www.espn.com/nba/player/_/id/4397189/jalen-smith,Jalen Smith10,jalensmith,PhoenixSuns,PF,21,"6' 10""",215 lbs,Maryland,"$4,458,000"
https://www.espn.com/nba/player/_/id/3059307/ish-wainright,Ish Wainright,ishwainright,PhoenixSuns,F,27,"6' 5""",250 lbs,Baylor,--
https://www.espn.com/nba/player/_/id/4277848/marvin-bagley-iii,Marvin Bagley III35,marvinbagleyiii,SacramentoKings,PF,22,"6' 11""",235 lbs,Duke,"$11,312,114"
https://www.espn.com/nba/player/_/id/6578/harrison-barnes,Harrison Barnes40,harrisonbarnes,SacramentoKings,SF,29,"6' 8""",225 lbs,North Carolina,"$20,284,091"
https://www.espn.com/nba/player/_/id/3919454/terence-davis,Terence Davis3,terencedavis,SacramentoKings,SG,24,"6' 4""",201 lbs,Ole Miss,"$4,000,000"
https://www.espn.com/nba/player/_/id/4066259/deaaron-fox,De'Aaron Fox5,deaaronfox,SacramentoKings,PG,23,"6' 3""",185 lbs,Kentucky,"$28,103,550"
https://www.espn.com/nba/player/_/id/4396993/tyrese-haliburton,Tyrese Haliburton0,tyresehaliburton,SacramentoKings,PG,21,"6' 5""",185 lbs,Iowa State,"$4,023,600"
https://www.espn.com/nba/player/_/id/6591/maurice-harkless,Maurice Harkless8,mauriceharkless,SacramentoKings,SF,28,"6' 7""",220 lbs,St. John's,"$4,347,600"
https://www.espn.com/nba/player/_/id/2990984/buddy-hield,Buddy Hield24,buddyhield,SacramentoKings,SG,28,"6' 4""",220 lbs,Oklahoma,"$22,768,890"
https://www.espn.com/nba/player/_/id/2993370/richaun-holmes,Richaun Holmes22,richaunholmes,SacramentoKings,C,28,"6' 10""",235 lbs,Bowling Green,"$10,384,500"
https://www.espn.com/nba/player/_/id/3064559/damian-jones,Damian Jones30,damianjones,SacramentoKings,C,26,"6' 11""",245 lbs,Vanderbilt,"$1,977,011"
https://www.espn.com/nba/player/_/id/4397103/louis-king,Louis King23,louisking,SacramentoKings,PF,22,"6' 7""",205 lbs,Oregon,--
https://www.espn.com/nba/player/_/id/2596107/alex-len,Alex Len25,alexlen,SacramentoKings,C,28,"7' 0""",250 lbs,Maryland,"$3,732,000"
https://www.espn.com/nba/player/_/id/3914283/chimezie-metu,Chimezie Metu7,chimeziemetu,SacramentoKings,PF,24,"6' 9""",225 lbs,USC,"$1,762,796"
https://www.espn.com/nba/player/_/id/4278053/davion-mitchell,Davion Mitchell15,davionmitchell,SacramentoKings,PG,23,"6' 0""",202 lbs,Baylor,"$4,603,320"
https://www.espn.com/nba/player/_/id/4397424/neemias-queta,Neemias Queta88,neemiasqueta,SacramentoKings,C,22,"7' 0""",248 lbs,Utah State,--
https://www.espn.com/nba/player/_/id/4431688/jahmius-ramsey,Jahmi'us Ramsey20,jahmiusramsey,SacramentoKings,SG,20,"6' 3""",190 lbs,Texas Tech,"$1,517,981"
https://www.espn.com/nba/player/_/id/6474/tristan-thompson,Tristan Thompson13,tristanthompson,SacramentoKings,C,30,"6' 9""",254 lbs,Texas,"$9,720,900"
https://www.espn.com/nba/player/_/id/4396961/robert-woodard-ii,Robert Woodard II17,robertwoodardii,SacramentoKings,SF,22,"6' 6""",235 lbs,Mississippi State,"$1,517,981"
https://www.espn.com/nba/player/_/id/4066421/lonzo-ball,Lonzo Ball2,lonzoball,ChicagoBulls,PG,24,"6' 6""",190 lbs,UCLA,"$18,604,651"
https://www.espn.com/nba/player/_/id/4065673/tony-bradley,Tony Bradley13,tonybradley,ChicagoBulls,C,23,"6' 10""",248 lbs,North Carolina,"$1,669,178"
https://www.espn.com/nba/player/_/id/4278508/troy-brown-jr,Troy Brown Jr.7,troybrownjr,ChicagoBulls,SF,22,"6' 6""",215 lbs,Oregon,"$5,170,564"
https://www.espn.com/nba/player/_/id/2991350/alex-caruso,Alex Caruso6,alexcaruso,ChicagoBulls,SG,27,"6' 5""",186 lbs,Texas A&M,"$8,650,651"
https://www.espn.com/nba/player/_/id/4066367/tyler-cook,Tyler Cook25,tylercook,ChicagoBulls,F,24,"6' 8""",255 lbs,Iowa,"$1,701,593"
https://www.espn.com/nba/player/_/id/3978/demar-derozan,DeMar DeRozan11,demarderozan,ChicagoBulls,SF,32,"6' 6""",220 lbs,USC,"$26,000,000"
https://www.espn.com/nba/player/_/id/4397002/ayo-dosunmu,Ayo Dosunmu12,ayodosunmu,ChicagoBulls,SG,21,"6' 4""",200 lbs,Illinois,"$925,258"
https://www.espn.com/nba/player/_/id/4397016/devon-dotson,Devon Dotson3,devondotson,ChicagoBulls,PG,22,"6' 1""",185 lbs,Kansas,--
https://www.espn.com/nba/player/_/id/2596112/javonte-green,Javonte Green24,javontegreen,ChicagoBulls,SF,28,"6' 5""",205 lbs,Radford,"$1,669,178"
https://www.espn.com/nba/player/_/id/4067045/alize-johnson,Alize Johnson22,alizejohnson,ChicagoBulls,F,25,"6' 8""",212 lbs,Missouri State,"$1,729,217"
https://www.espn.com/nba/player/_/id/3936099/derrick-jones-jr,Derrick Jones Jr.5,derrickjonesjr,ChicagoBulls,SF,24,"6' 6""",210 lbs,UNLV,"$9,720,900"
https://www.espn.com/nba/player/_/id/3064440/zach-lavine,Zach LaVine8,zachlavine,ChicagoBulls,SG,26,"6' 5""",200 lbs,UCLA,"$19,500,000"
https://www.espn.com/nba/player/_/id/4683622/marko-simonovic,Marko Simonovic19,markosimonovic,ChicagoBulls,C,22,"6' 11""",220 lbs,--,"$925,258"
https://www.espn.com/nba/player/_/id/3059311/matt-thomas,Matt Thomas21,mattthomas,ChicagoBulls,SG,27,"6' 3""",190 lbs,Iowa State,"$1,669,178"
https://www.espn.com/nba/player/_/id/6478/nikola-vucevic,Nikola Vucevic9,nikolavucevic,ChicagoBulls,C,31,"6' 10""",260 lbs,USC,"$24,000,000"
https://www.espn.com/nba/player/_/id/4395651/coby-white,Coby White0,cobywhite,ChicagoBulls,PG,21,"6' 4""",195 lbs,North Carolina,"$5,837,760"
https://www.espn.com/nba/player/_/id/4431687/patrick-williams,Patrick Williams44,patrickwilliams,ChicagoBulls,PF,20,"6' 7""",215 lbs,Florida State,"$7,422,000"
https://www.espn.com/nba/player/_/id/4066328/jarrett-allen,Jarrett Allen31,jarrettallen,ClevelandCavaliers,C,23,"6' 10""",243 lbs,Texas,"$20,000,000"
https://www.espn.com/nba/player/_/id/4259/ed-davis,Ed Davis21,eddavis,ClevelandCavaliers,C,32,"6' 9""",218 lbs,North Carolina,"$1,669,178"
https://www.espn.com/nba/player/_/id/3904625/tacko-fall,Tacko Fall99,tackofall,ClevelandCavaliers,C,25,"7' 6""",311 lbs,UCF,--
https://www.espn.com/nba/player/_/id/4396907/darius-garland,Darius Garland10,dariusgarland,ClevelandCavaliers,PG,21,"6' 1""",192 lbs,Vanderbilt,"$7,040,880"
https://www.espn.com/nba/player/_/id/3449/kevin-love,Kevin Love0,kevinlove,ClevelandCavaliers,PF,33,"6' 8""",251 lbs,UCLA,"$31,258,256"
https://www.espn.com/nba/player/_/id/4066336/lauri-markkanen,Lauri Markkanen24,laurimarkkanen,ClevelandCavaliers,PF,24,"6' 11""",240 lbs,Arizona,"$15,690,909"
https://www.espn.com/nba/player/_/id/4432158/evan-mobley,Evan Mobley4,evanmobley,ClevelandCavaliers,C,20,"6' 11""",215 lbs,USC,"$8,075,160"
https://www.espn.com/nba/player/_/id/4277916/rj-nembhard-jr,RJ Nembhard Jr.5,rjnembhardjr,ClevelandCavaliers,SG,22,"6' 4""",200 lbs,TCU,--
https://www.espn.com/nba/player/_/id/4432822/isaac-okoro,Isaac Okoro35,isaacokoro,ClevelandCavaliers,SF,20,"6' 5""",225 lbs,Auburn,"$6,720,720"
https://www.espn.com/nba/player/_/id/3893016/cedi-osman,Cedi Osman16,cediosman,ClevelandCavaliers,SF,26,"6' 7""",230 lbs,--,"$8,133,334"
https://www.espn.com/nba/player/_/id/2583962/kevin-pangos,Kevin Pangos6,kevinpangos,ClevelandCavaliers,G,28,"6' 1""",179 lbs,Gonzaga,"$1,669,178"
https://www.espn.com/nba/player/_/id/4011/ricky-rubio,Ricky Rubio3,rickyrubio,ClevelandCavaliers,PG,31,"6' 2""",190 lbs,--,"$17,800,000"
https://www.espn.com/nba/player/_/id/4277811/collin-sexton,Collin Sexton2,collinsexton,ClevelandCavaliers,PG,22,"6' 1""",190 lbs,Alabama,"$6,439,671"
https://www.espn.com/nba/player/_/id/4066405/lamar-stevens,Lamar Stevens8,lamarstevens,ClevelandCavaliers,F,24,"6' 6""",230 lbs,Penn State,"$1,517,981"
https://www.espn.com/nba/player/_/id/2999549/denzel-valentine,Denzel Valentine45,denzelvalentine,ClevelandCavaliers,SG,27,"6' 4""",220 lbs,Michigan State,"$1,939,350"
https://www.espn.com/nba/player/_/id/3912848/dean-wade,Dean Wade32,deanwade,ClevelandCavaliers,PF,24,"6' 9""",228 lbs,Kansas State,"$1,782,621"
https://www.espn.com/nba/player/_/id/3906786/dylan-windler,Dylan Windler9,dylanwindler,ClevelandCavaliers,SG,25,"6' 6""",196 lbs,Belmont,"$2,239,200"
https://www.espn.com/nba/player/_/id/4397136/saddiq-bey,Saddiq Bey41,saddiqbey,DetroitPistons,SF,22,"6' 7""",215 lbs,Villanova,"$2,824,320"
https://www.espn.com/nba/player/_/id/4432166/cade-cunningham,Cade Cunningham2,cadecunningham,DetroitPistons,PG,20,"6' 6""",220 lbs,Oklahoma State,"$10,050,120"
https://www.espn.com/nba/player/_/id/4080610/hamidou-diallo,Hamidou Diallo6,hamidoudiallo,DetroitPistons,SG,23,"6' 5""",202 lbs,Kentucky,"$5,200,000"
https://www.espn.com/nba/player/_/id/4277951/luka-garza,Luka Garza55,lukagarza,DetroitPistons,C,22,"6' 10""",243 lbs,Iowa,"$925,258"
https://www.espn.com/nba/player/_/id/2991070/jerami-grant,Jerami Grant9,jeramigrant,DetroitPistons,SF,27,"6' 8""",210 lbs,Syracuse,"$20,002,500"
https://www.espn.com/nba/player/_/id/4683024/killian-hayes,Killian Hayes7,killianhayes,DetroitPistons,PG,20,"6' 5""",195 lbs,--,"$5,572,680"
https://www.espn.com/nba/player/_/id/4065651/frank-jackson,Frank Jackson5,frankjackson,DetroitPistons,PG,23,"6' 3""",205 lbs,Duke,"$3,000,000"
https://www.espn.com/nba/player/_/id/4066297/josh-jackson,Josh Jackson20,joshjackson,DetroitPistons,SG,24,"6' 8""",207 lbs,Kansas,"$5,005,350"
https://www.espn.com/nba/player/_/id/6446/cory-joseph,Cory Joseph18,coryjoseph,DetroitPistons,PG,30,"6' 3""",200 lbs,Texas,"$4,910,000"
https://www.espn.com/nba/player/_/id/4278124/saben-lee,Saben Lee38,sabenlee,DetroitPistons,PG,22,"6' 2""",183 lbs,Vanderbilt,"$1,489,065"
https://www.espn.com/nba/player/_/id/4277957/isaiah-livers,Isaiah Livers12,isaiahlivers,DetroitPistons,PF,23,"6' 6""",232 lbs,Michigan,"$1,057,260"
https://www.espn.com/nba/player/_/id/3136196/trey-lyles,Trey Lyles8,treylyles,DetroitPistons,PF,26,"6' 9""",234 lbs,Kentucky,"$2,500,000"
https://www.espn.com/nba/player/_/id/2488826/rodney-mcgruder,Rodney McGruder17,rodneymcgruder,DetroitPistons,SG,30,"6' 4""",205 lbs,Kansas State,"$1,669,178"
https://www.espn.com/nba/player/_/id/2489663/kelly-olynyk,Kelly Olynyk13,kellyolynyk,DetroitPistons,PF,30,"6' 11""",240 lbs,Gonzaga,"$12,195,122"
https://www.espn.com/nba/player/_/id/4278566/jamorko-pickett,Jamorko Pickett24,jamorkopickett,DetroitPistons,PF,23,"6' 9""",206 lbs,Georgetown,--
https://www.espn.com/nba/player/_/id/4278527/chris-smith,Chris Smith0,chrissmith,DetroitPistons,SF,21,"6' 9""",215 lbs,UCLA,--
https://www.espn.com/nba/player/_/id/4432810/isaiah-stewart,Isaiah Stewart28,isaiahstewart,DetroitPistons,C,20,"6' 8""",250 lbs,Washington,"$3,277,080"
https://www.espn.com/nba/player/_/id/4348700/goga-bitadze,Goga Bitadze88,gogabitadze,IndianaPacers,C,22,"7' 0""",250 lbs,--,"$3,098,400"
https://www.espn.com/nba/player/_/id/4278031/oshae-brissett,Oshae Brissett12,oshaebrissett,IndianaPacers,SF,23,"6' 7""",210 lbs,Syracuse,"$1,701,593"
https://www.espn.com/nba/player/_/id/2566769/malcolm-brogdon,Malcolm Brogdon7,malcolmbrogdon,IndianaPacers,PG,28,"6' 5""",229 lbs,Virginia,"$21,700,000"
https://www.espn.com/nba/player/_/id/2528693/torrey-craig,Torrey Craig13,torreycraig,IndianaPacers,SF,30,"6' 7""",221 lbs,USC Upstate,"$4,878,049"
https://www.espn.com/nba/player/_/id/4592402/chris-duarte,Chris Duarte3,chrisduarte,IndianaPacers,SG,24,"6' 5""",190 lbs,Oregon,"$3,749,400"
https://www.espn.com/nba/player/_/id/2284101/justin-holiday,Justin Holiday8,justinholiday,IndianaPacers,SF,32,"6' 6""",180 lbs,Washington,"$6,006,420"
https://www.espn.com/nba/player/_/id/4432170/isaiah-jackson,Isaiah Jackson23,isaiahjackson,IndianaPacers,PF,19,"6' 10""",205 lbs,Kentucky,"$2,451,240"
https://www.espn.com/nba/player/_/id/4066796/dejon-jarreau,DeJon Jarreau17,dejonjarreau,IndianaPacers,F,23,"6' 5""",185 lbs,Houston,--
https://www.espn.com/nba/player/_/id/6603/jeremy-lamb,Jeremy Lamb26,jeremylamb,IndianaPacers,SG,29,"6' 5""",180 lbs,Connecticut,"$10,500,000"
https://www.espn.com/nba/player/_/id/2991043/caris-levert,Caris LeVert22,carislevert,IndianaPacers,SG,27,"6' 6""",205 lbs,Michigan,"$17,500,000"
https://www.espn.com/nba/player/_/id/3133596/kelan-martin,Kelan Martin21,kelanmartin,IndianaPacers,SG,26,"6' 5""",230 lbs,Butler,"$1,701,593"
https://www.espn.com/nba/player/_/id/2530530/tj-mcconnell,T.J. McConnell9,tjmcconnell,IndianaPacers,PG,29,"6' 1""",190 lbs,Arizona,"$7,500,000"
https://www.espn.com/nba/player/_/id/3155942/domantas-sabonis,Domantas Sabonis11,domantassabonis,IndianaPacers,PF,25,"6' 11""",240 lbs,Gonzaga,"$19,800,000"
https://www.espn.com/nba/player/_/id/3133628/myles-turner,Myles Turner33,mylesturner,IndianaPacers,C,25,"6' 11""",250 lbs,Texas,"$18,000,000"
https://www.espn.com/nba/player/_/id/6507/brad-wanamaker,Brad Wanamaker10,bradwanamaker,IndianaPacers,PG,32,"6' 3""",210 lbs,Pittsburgh,"$1,669,178"
https://www.espn.com/nba/player/_/id/2982334/tj-warren,T.J. Warren1,tjwarren,IndianaPacers,SF,28,"6' 8""",220 lbs,North Carolina State,"$12,690,000"
https://www.espn.com/nba/player/_/id/4397235/duane-washington-jr,Duane Washington Jr.4,duanewashingtonjr,IndianaPacers,PG,21,"6' 3""",197 lbs,Ohio State,--
https://www.espn.com/nba/player/_/id/3135045/grayson-allen,Grayson Allen7,graysonallen,MilwaukeeBucks,SG,26,"6' 4""",198 lbs,Duke,"$4,054,695"
https://www.espn.com/nba/player/_/id/3032977/giannis-antetokounmpo,Giannis Antetokounmpo34,giannisantetokounmpo,MilwaukeeBucks,PF,26,"6' 11""",242 lbs,--,"$39,344,970"
https://www.espn.com/nba/player/_/id/3102533/thanasis-antetokounmpo,Thanasis Antetokounmpo43,thanasisantetokounmpo,MilwaukeeBucks,SF,29,"6' 6""",219 lbs,--,"$1,669,178"
https://www.espn.com/nba/player/_/id/2578239/pat-connaughton,Pat Connaughton24,patconnaughton,MilwaukeeBucks,SG,28,"6' 5""",209 lbs,Notre Dame,"$5,333,334"
https://www.espn.com/nba/player/_/id/3934673/donte-divincenzo,Donte DiVincenzo0,dontedivincenzo,MilwaukeeBucks,SG,24,"6' 4""",203 lbs,Villanova,"$4,675,830"
https://www.espn.com/nba/player/_/id/3438/george-hill,George Hill3,georgehill,MilwaukeeBucks,PG,35,"6' 4""",188 lbs,IUPUI,"$4,000,000"
https://www.espn.com/nba/player/_/id/3995/jrue-holiday,Jrue Holiday21,jrueholiday,MilwaukeeBucks,PG,31,"6' 3""",205 lbs,UCLA,"$32,413,333"
https://www.espn.com/nba/player/_/id/2581177/rodney-hood,Rodney Hood5,rodneyhood,MilwaukeeBucks,SG,29,"6' 8""",208 lbs,Duke,"$1,669,178"
https://www.espn.com/nba/player/_/id/4683022/georgios-kalaitzakis,Georgios Kalaitzakis18,georgioskalaitzakis,MilwaukeeBucks,SF,22,"6' 7""",192 lbs,--,"$925,258"
https://www.espn.com/nba/player/_/id/3448/brook-lopez,Brook Lopez11,brooklopez,MilwaukeeBucks,C,33,"7' 0""",282 lbs,Stanford,"$13,302,325"
https://www.espn.com/nba/player/_/id/4278580/sandro-mamukelashvili,Sandro Mamukelashvili54,sandromamukelashvili,MilwaukeeBucks,PF,22,"6' 9""",240 lbs,Seton Hall,--
https://www.espn.com/nba/player/_/id/6609/khris-middleton,Khris Middleton22,khrismiddleton,MilwaukeeBucks,SF,30,"6' 7""",222 lbs,Texas A&M,"$35,500,000"
https://www.espn.com/nba/player/_/id/4277883/jordan-nwora,Jordan Nwora13,jordannwora,MilwaukeeBucks,SF,23,"6' 8""",225 lbs,Louisville,"$1,517,981"
https://www.espn.com/nba/player/_/id/3056602/semi-ojeleye,Semi Ojeleye37,semiojeleye,MilwaukeeBucks,PF,26,"6' 6""",240 lbs,SMU,"$1,669,178"
https://www.espn.com/nba/player/_/id/3064482/bobby-portis,Bobby Portis9,bobbyportis,MilwaukeeBucks,C,26,"6' 10""",250 lbs,Arkansas,--
https://www.espn.com/nba/player/_/id/3945566/justin-robinson,Justin Robinson55,justinrobinson,MilwaukeeBucks,G,24,"6' 1""",195 lbs,Virginia Tech,--
https://www.espn.com/nba/player/_/id/4397126/moses-brown,Moses Brown9,mosesbrown,DallasMavericks,C,22,"7' 2""",245 lbs,UCLA,"$1,701,593"
https://www.espn.com/nba/player/_/id/3057187/sterling-brown,Sterling Brown0,sterlingbrown,DallasMavericks,SF,26,"6' 5""",219 lbs,SMU,"$3,000,000"
https://www.espn.com/nba/player/_/id/3934672/jalen-brunson,Jalen Brunson13,jalenbrunson,DallasMavericks,PG,25,"6' 1""",190 lbs,Villanova,"$1,802,057"
https://www.espn.com/nba/player/_/id/2528779/reggie-bullock,Reggie Bullock25,reggiebullock,DallasMavericks,SF,30,"6' 6""",205 lbs,North Carolina,"$9,536,000"
https://www.espn.com/nba/player/_/id/2579260/trey-burke,Trey Burke3,treyburke,DallasMavericks,PG,29,"6' 0""",185 lbs,Michigan,"$3,150,000"
https://www.espn.com/nba/player/_/id/2991282/willie-cauley-stein,Willie Cauley-Stein33,williecauleystein,DallasMavericks,C,28,"7' 0""",240 lbs,Kentucky,"$4,100,000"
https://www.espn.com/nba/player/_/id/3945274/luka-doncic,Luka Doncic77,lukadoncic,DallasMavericks,PG,22,"6' 7""",230 lbs,--,"$10,174,391"
https://www.espn.com/nba/player/_/id/2578185/dorian-finney-smith,Dorian Finney-Smith10,dorianfinneysmith,DallasMavericks,PF,28,"6' 7""",220 lbs,Florida,"$4,000,000"
https://www.espn.com/nba/player/_/id/4432811/josh-green,Josh Green8,joshgreen,DallasMavericks,SG,20,"6' 5""",200 lbs,Arizona,"$2,957,520"
https://www.espn.com/nba/player/_/id/2528210/tim-hardaway-jr,Tim Hardaway Jr.11,timhardawayjr,DallasMavericks,SF,29,"6' 5""",205 lbs,Michigan,"$21,308,816"
https://www.espn.com/nba/player/_/id/2960236/maxi-kleber,Maxi Kleber42,maxikleber,DallasMavericks,PF,29,"6' 10""",240 lbs,--,"$8,975,000"
https://www.espn.com/nba/player/_/id/4376/boban-marjanovic,Boban Marjanovic51,bobanmarjanovic,DallasMavericks,C,33,"7' 3""",290 lbs,--,"$3,500,000"
https://www.espn.com/nba/player/_/id/4066496/jaquori-mclaughlin,JaQuori McLaughlin30,jaquorimclaughlin,DallasMavericks,PG,23,"6' 4""",190 lbs,UC Santa Barbara,--
https://www.espn.com/nba/player/_/id/4230547/frank-ntilikina,Frank Ntilikina21,frankntilikina,DallasMavericks,PG,23,"6' 4""",200 lbs,--,"$1,669,178"
https://www.espn.com/nba/player/_/id/4066410/eugene-omoruyi,Eugene Omoruyi2,eugeneomoruyi,DallasMavericks,SF,24,"6' 6""",235 lbs,Oregon,--
https://www.espn.com/nba/player/_/id/3102531/kristaps-porzingis,Kristaps Porzingis6,kristapsporzingis,DallasMavericks,C,26,"7' 3""",240 lbs,--,"$31,650,600"
https://www.espn.com/nba/player/_/id/2531367/dwight-powell,Dwight Powell7,dwightpowell,DallasMavericks,C,30,"6' 10""",240 lbs,Stanford,"$11,080,125"
https://www.espn.com/nba/player/_/id/3415/dj-augustin,D.J. Augustin14,djaugustin,HoustonRockets,PG,34,"5' 11""",183 lbs,Texas,"$7,000,000"
https://www.espn.com/nba/player/_/id/4066450/armoni-brooks,Armoni Brooks7,armonibrooks,HoustonRockets,SG,23,"6' 3""",195 lbs,Houston,"$1,489,065"
https://www.espn.com/nba/player/_/id/4432168/josh-christopher,Josh Christopher9,joshchristopher,HoustonRockets,SG,19,"6' 3""",215 lbs,Arizona State,"$2,259,240"
https://www.espn.com/nba/player/_/id/4871143/usman-garuba,Usman Garuba16,usmangaruba,HoustonRockets,PF,19,"6' 8""",229 lbs,--,"$2,353,320"
https://www.espn.com/nba/player/_/id/3431/eric-gordon,Eric Gordon10,ericgordon,HoustonRockets,SG,32,"6' 3""",215 lbs,Indiana,"$18,218,818"
https://www.espn.com/nba/player/_/id/4437244/jalen-green,Jalen Green0,jalengreen,HoustonRockets,SG,19,"6' 4""",186 lbs,--,"$8,992,200"
https://www.espn.com/nba/player/_/id/2991155/danuel-house-jr,Danuel House Jr.4,danuelhousejr,HoustonRockets,SF,28,"6' 6""",220 lbs,Texas A&M,"$3,894,000"
https://www.espn.com/nba/player/_/id/4431828/kenyon-martin-jr,Kenyon Martin Jr.6,kenyonmartinjr,HoustonRockets,F,20,"6' 5""",215 lbs,--,"$1,517,981"
https://www.espn.com/nba/player/_/id/3913180/garrison-mathews,Garrison Mathews25,garrisonmathews,HoustonRockets,G,25,"6' 5""",215 lbs,Lipscomb,--
https://www.espn.com/nba/player/_/id/4432176/daishen-nix,Daishen Nix15,daishennix,HoustonRockets,SG,19,"6' 4""",226 lbs,--,--
https://www.espn.com/nba/player/_/id/3062744/david-nwaba,David Nwaba2,davidnwaba,HoustonRockets,SF,28,"6' 5""",219 lbs,Cal Poly,"$4,650,000"
https://www.espn.com/nba/player/_/id/4397140/kevin-porter-jr,Kevin Porter Jr.3,kevinporterjr,HoustonRockets,SG,21,"6' 4""",203 lbs,USC,"$1,782,621"
https://www.espn.com/nba/player/_/id/4871144/alperen-sengun,Alperen Sengun28,alperensengun,HoustonRockets,C,19,"6' 10""",243 lbs,--,"$3,214,680"
https://www.espn.com/nba/player/_/id/3136777/jaesean-tate,Jae'Sean Tate8,jaeseantate,HoustonRockets,SF,26,"6' 4""",230 lbs,Ohio State,"$1,517,981"
https://www.espn.com/nba/player/_/id/2451037/daniel-theis,Daniel Theis27,danieltheis,HoustonRockets,C,29,"6' 9""",245 lbs,--,"$8,280,351"
https://www.espn.com/nba/player/_/id/4237/john-wall,John Wall1,johnwall,HoustonRockets,PG,31,"6' 3""",210 lbs,Kentucky,"$44,310,840"
https://www.espn.com/nba/player/_/id/3058254/christian-wood,Christian Wood35,christianwood,HoustonRockets,C,26,"6' 9""",214 lbs,UNLV,"$13,666,667"
https://www.espn.com/nba/player/_/id/2991235/steven-adams,Steven Adams4,stevenadams,MemphisGrizzlies,C,28,"6' 11""",265 lbs,Pittsburgh,"$17,073,171"
https://www.espn.com/nba/player/_/id/4593125/santi-aldama,Santi Aldama7,santialdama,MemphisGrizzlies,PF,20,"6' 11""",215 lbs,Loyola (MD),"$1,994,520"
https://www.espn.com/nba/player/_/id/2993874/kyle-anderson,Kyle Anderson1,kyleanderson,MemphisGrizzlies,SF,28,"6' 9""",230 lbs,UCLA,"$9,937,150"
https://www.espn.com/nba/player/_/id/4066320/desmond-bane,Desmond Bane22,desmondbane,MemphisGrizzlies,SG,23,"6' 5""",215 lbs,TCU,"$2,033,160"
https://www.espn.com/nba/player/_/id/3155526/dillon-brooks,Dillon Brooks24,dillonbrooks,MemphisGrizzlies,SF,25,"6' 7""",225 lbs,Oregon,"$12,200,000"
https://www.espn.com/nba/player/_/id/3906665/brandon-clarke,Brandon Clarke15,brandonclarke,MemphisGrizzlies,PF,25,"6' 8""",215 lbs,Gonzaga,"$2,726,880"
https://www.espn.com/nba/player/_/id/4277928/jarrett-culver,Jarrett Culver23,jarrettculver,MemphisGrizzlies,G,22,"6' 6""",195 lbs,Texas Tech,"$6,395,160"
https://www.espn.com/nba/player/_/id/4277961/jaren-jackson-jr,Jaren Jackson Jr.13,jarenjacksonjr,MemphisGrizzlies,PF,22,"6' 11""",242 lbs,Michigan State,"$9,180,560"
https://www.espn.com/nba/player/_/id/3135046/tyus-jones,Tyus Jones21,tyusjones,MemphisGrizzlies,PG,25,"6' 0""",196 lbs,Duke,"$8,376,286"
https://www.espn.com/nba/player/_/id/3134932/john-konchar,John Konchar46,johnkonchar,MemphisGrizzlies,SG,25,"6' 5""",210 lbs,--,"$2,200,000"
https://www.espn.com/nba/player/_/id/4066436/deanthony-melton,De'Anthony Melton0,deanthonymelton,MemphisGrizzlies,SG,23,"6' 2""",200 lbs,USC,"$8,805,976"
https://www.espn.com/nba/player/_/id/4066757/sam-merrill,Sam Merrill25,sammerrill,MemphisGrizzlies,SG,25,"6' 4""",205 lbs,Utah State,"$1,517,981"
https://www.espn.com/nba/player/_/id/4279888/ja-morant,Ja Morant12,jamorant,MemphisGrizzlies,PG,22,"6' 3""",174 lbs,Murray State,"$9,603,360"
https://www.espn.com/nba/player/_/id/4278116/yves-pons,Yves Pons5,yvespons,MemphisGrizzlies,SG,22,"6' 5""",206 lbs,Tennessee,--
https://www.espn.com/nba/player/_/id/4066651/killian-tillie,Killian Tillie35,killiantillie,MemphisGrizzlies,C,23,"6' 9""",220 lbs,Gonzaga,--
https://www.espn.com/nba/player/_/id/4277964/xavier-tillman-sr,Xavier Tillman Sr.2,xaviertillmansr,MemphisGrizzlies,C,22,"6' 8""",245 lbs,Michigan State,"$1,517,981"
https://www.espn.com/nba/player/_/id/4433137/ziaire-williams,Ziaire Williams8,ziairewilliams,MemphisGrizzlies,SG,20,"6' 9""",185 lbs,Stanford,"$4,373,040"
https://www.espn.com/nba/player/_/id/4278039/nickeil-alexander-walker,Nickeil Alexander-Walker6,nickeilalexanderwalker,New OrleansPelicans,SG,23,"6' 5""",205 lbs,Virginia Tech,"$3,261,480"
https://www.espn.com/nba/player/_/id/4277869/jose-alvarado,Jose Alvarado15,josealvarado,New OrleansPelicans,PG,23,"6' 0""",179 lbs,Georgia Tech,--
https://www.espn.com/nba/player/_/id/3133601/devonte-graham,Devonte' Graham4,devontegraham,New OrleansPelicans,PG,26,"6' 1""",195 lbs,Kansas,"$11,000,000"
https://www.espn.com/nba/player/_/id/3062679/josh-hart,Josh Hart3,joshhart,New OrleansPelicans,SG,26,"6' 5""",215 lbs,Villanova,"$12,000,000"
https://www.espn.com/nba/player/_/id/4397077/jaxson-hayes,Jaxson Hayes10,jaxsonhayes,New OrleansPelicans,C,21,"6' 11""",220 lbs,Texas,"$5,348,280"
https://www.espn.com/nba/player/_/id/2999409/willy-hernangomez,Willy Hernangomez9,willyhernangomez,New OrleansPelicans,C,27,"6' 11""",250 lbs,--,"$2,327,220"
https://www.espn.com/nba/player/_/id/4423888/daulton-hommes,Daulton Hommes34,daultonhommes,New OrleansPelicans,SF,25,"6' 8""",215 lbs,Point Loma,--
https://www.espn.com/nba/player/_/id/3913176/brandon-ingram,Brandon Ingram14,brandoningram,New OrleansPelicans,SF,24,"6' 8""",190 lbs,Duke,"$29,467,800"
https://www.espn.com/nba/player/_/id/4277813/herbert-jones,Herbert Jones5,herbertjones,New OrleansPelicans,SF,23,"6' 7""",206 lbs,Alabama,"$1,700,000"
https://www.espn.com/nba/player/_/id/4395698/kira-lewis-jr,Kira Lewis Jr.13,kiralewisjr,New OrleansPelicans,PG,20,"6' 1""",170 lbs,Alabama,"$3,822,240"
https://www.espn.com/nba/player/_/id/4423885/didi-louzada,Didi Louzada0,didilouzada,New OrleansPelicans,SF,22,"6' 5""",188 lbs,--,"$1,786,878"
https://www.espn.com/nba/player/_/id/4278594/naji-marshall,Naji Marshall8,najimarshall,New OrleansPelicans,SF,23,"6' 7""",220 lbs,Xavier,"$1,517,981"
https://www.espn.com/nba/player/_/id/4397688/trey-murphy-iii,Trey Murphy III25,treymurphyiii,New OrleansPelicans,SG,21,"6' 8""",206 lbs,Virginia,"$3,053,760"
https://www.espn.com/nba/player/_/id/6621/tomas-satoransky,Tomas Satoransky31,tomassatoransky,New OrleansPelicans,SG,30,"6' 7""",210 lbs,--,"$10,000,000"
https://www.espn.com/nba/player/_/id/4023/garrett-temple,Garrett Temple41,garretttemple,New OrleansPelicans,SF,35,"6' 5""",195 lbs,LSU,"$4,910,000"
https://www.espn.com/nba/player/_/id/6477/jonas-valanciunas,Jonas Valanciunas17,jonasvalanciunas,New OrleansPelicans,C,29,"6' 11""",265 lbs,--,"$14,000,000"
https://www.espn.com/nba/player/_/id/4395628/zion-williamson,Zion Williamson1,zionwilliamson,New OrleansPelicans,PF,21,"6' 6""",284 lbs,Duke,"$10,733,400"
https://www.espn.com/nba/player/_/id/3136779/keita-bates-diop,Keita Bates-Diop31,keitabatesdiop,San AntonioSpurs,SF,25,"6' 8""",229 lbs,Ohio State,"$1,729,217"
https://www.espn.com/nba/player/_/id/3946974/devontae-cacok,Devontae Cacok16,devontaecacok,San AntonioSpurs,PF,25,"6' 7""",240 lbs,North Carolina-Wilmington,--
https://www.espn.com/nba/player/_/id/4066650/zach-collins,Zach Collins23,zachcollins,San AntonioSpurs,PF,23,"6' 11""",250 lbs,Gonzaga,"$7,000,000"
https://www.espn.com/nba/player/_/id/3914285/drew-eubanks,Drew Eubanks14,dreweubanks,San AntonioSpurs,PF,24,"6' 9""",245 lbs,Oregon State,"$1,762,796"
https://www.espn.com/nba/player/_/id/2994526/bryn-forbes,Bryn Forbes7,brynforbes,San AntonioSpurs,SG,28,"6' 2""",205 lbs,Michigan State,"$4,500,000"
https://www.espn.com/nba/player/_/id/4395723/keldon-johnson,Keldon Johnson3,keldonjohnson,San AntonioSpurs,SF,22,"6' 6""",220 lbs,Kentucky,"$2,145,720"
https://www.espn.com/nba/player/_/id/4395626/tre-jones,Tre Jones33,trejones,San AntonioSpurs,PG,21,"6' 1""",185 lbs,Duke,"$1,517,981"
https://www.espn.com/nba/player/_/id/3146557/jock-landale,Jock Landale34,jocklandale,San AntonioSpurs,C,26,"6' 11""",255 lbs,Saint Mary's,"$925,258"
https://www.espn.com/nba/player/_/id/2528588/doug-mcdermott,Doug McDermott17,dougmcdermott,San AntonioSpurs,SF,29,"6' 7""",225 lbs,Creighton,"$13,750,000"
https://www.espn.com/nba/player/_/id/3907497/dejounte-murray,Dejounte Murray5,dejountemurray,San AntonioSpurs,PG,25,"6' 4""",180 lbs,Washington,"$15,428,880"
https://www.espn.com/nba/player/_/id/3134908/jakob-poeltl,Jakob Poeltl25,jakobpoeltl,San AntonioSpurs,C,26,"7' 1""",245 lbs,Utah,"$8,750,000"
https://www.espn.com/nba/player/_/id/4702176/joshua-primo,Joshua Primo11,joshuaprimo,San AntonioSpurs,SG,18,"6' 4""",189 lbs,Alabama,"$3,946,800"
https://www.espn.com/nba/player/_/id/4395630/devin-vassell,Devin Vassell24,devinvassell,San AntonioSpurs,SG,21,"6' 5""",200 lbs,Florida State,"$4,235,160"
https://www.espn.com/nba/player/_/id/4277890/lonnie-walker-iv,Lonnie Walker IV1,lonniewalkeriv,San AntonioSpurs,SG,22,"6' 4""",204 lbs,Miami (FL),"$4,447,896"
https://www.espn.com/nba/player/_/id/3078576/derrick-white,Derrick White4,derrickwhite,San AntonioSpurs,PG,27,"6' 4""",190 lbs,Colorado,"$15,178,571"
https://www.espn.com/nba/player/_/id/4397033/joe-wieskamp,Joe Wieskamp15,joewieskamp,San AntonioSpurs,SF,22,"6' 6""",205 lbs,Iowa,--
https://www.espn.com/nba/player/_/id/3244/thaddeus-young,Thaddeus Young30,thaddeusyoung,San AntonioSpurs,PF,33,"6' 8""",235 lbs,Georgia Tech,"$14,190,000"
https://www.espn.com/nba/player/_/id/3037789/bogdan-bogdanovic,Bogdan Bogdanovic13,bogdanbogdanovic,AtlantaHawks,SG,29,"6' 6""",225 lbs,--,"$18,000,000"
https://www.espn.com/nba/player/_/id/3102529/clint-capela,Clint Capela15,clintcapela,AtlantaHawks,C,27,"6' 10""",256 lbs,--,"$18,603,448"
https://www.espn.com/nba/player/_/id/3908845/john-collins,John Collins20,johncollins,AtlantaHawks,PF,24,"6' 9""",226 lbs,Wake Forest,"$23,000,000"
https://www.espn.com/nba/player/_/id/4432173/sharife-cooper,Sharife Cooper2,sharifecooper,AtlantaHawks,PG,20,"6' 1""",176 lbs,Auburn,--
https://www.espn.com/nba/player/_/id/2534781/gorgui-dieng,Gorgui Dieng10,gorguidieng,AtlantaHawks,C,31,"6' 10""",248 lbs,Louisville,"$4,000,000"
https://www.espn.com/nba/player/_/id/3428/danilo-gallinari,Danilo Gallinari8,danilogallinari,AtlantaHawks,PF,33,"6' 10""",236 lbs,--,"$20,475,000"
https://www.espn.com/nba/player/_/id/2488958/solomon-hill,Solomon Hill18,solomonhill,AtlantaHawks,SF,30,"6' 6""",226 lbs,Arizona,"$1,669,178"
https://www.espn.com/nba/player/_/id/4066372/kevin-huerter,Kevin Huerter3,kevinhuerter,AtlantaHawks,SG,23,"6' 7""",198 lbs,Maryland,"$4,253,357"
https://www.espn.com/nba/player/_/id/4065732/deandre-hunter,De'Andre Hunter12,deandrehunter,AtlantaHawks,SF,23,"6' 8""",221 lbs,Virginia,"$7,775,400"
https://www.espn.com/nba/player/_/id/4701230/jalen-johnson,Jalen Johnson1,jalenjohnson,AtlantaHawks,SF,19,"6' 8""",219 lbs,Duke,"$2,659,580"
https://www.espn.com/nba/player/_/id/3893019/timothe-luwawu-cabarrot,Timothe Luwawu-Cabarrot7,timotheluwawucabarrot,AtlantaHawks,SG,26,"6' 7""",215 lbs,--,"$1,669,178"
https://www.espn.com/nba/player/_/id/4066269/skylar-mays,Skylar Mays4,skylarmays,AtlantaHawks,SG,24,"6' 4""",205 lbs,LSU,--
https://www.espn.com/nba/player/_/id/4431680/onyeka-okongwu,Onyeka Okongwu17,onyekaokongwu,AtlantaHawks,PF,20,"6' 8""",240 lbs,USC,"$6,104,280"
https://www.espn.com/nba/player/_/id/4395627/cam-reddish,Cam Reddish22,camreddish,AtlantaHawks,SF,22,"6' 8""",217 lbs,Duke,"$4,670,160"
https://www.espn.com/nba/player/_/id/2799/lou-williams,Lou Williams6,louwilliams,AtlantaHawks,SG,35,"6' 2""",175 lbs,--,"$5,000,000"
https://www.espn.com/nba/player/_/id/3064447/delon-wright,Delon Wright0,delonwright,AtlantaHawks,SG,29,"6' 5""",185 lbs,Utah,"$8,526,316"
https://www.espn.com/nba/player/_/id/4277905/trae-young,Trae Young11,traeyoung,AtlantaHawks,PG,23,"6' 1""",164 lbs,Oklahoma,"$8,326,471"
https://www.espn.com/nba/player/_/id/4432816/lamelo-ball,LaMelo Ball2,lameloball,CharlotteHornets,PG,20,"6' 7""",180 lbs,--,"$8,231,760"
https://www.espn.com/nba/player/_/id/4431712/james-bouknight,James Bouknight5,jamesbouknight,CharlotteHornets,SG,21,"6' 4""",190 lbs,Connecticut,"$4,154,400"
https://www.espn.com/nba/player/_/id/4066383/miles-bridges,Miles Bridges0,milesbridges,CharlotteHornets,SF,23,"6' 7""",225 lbs,Michigan State,"$5,421,493"
https://www.espn.com/nba/player/_/id/4431669/vernon-carey-jr,Vernon Carey Jr.22,vernoncareyjr,CharlotteHornets,C,20,"6' 9""",270 lbs,Duke,"$1,517,981"
https://www.espn.com/nba/player/_/id/4249/gordon-hayward,Gordon Hayward20,gordonhayward,CharlotteHornets,SF,31,"6' 7""",225 lbs,Butler,"$29,925,000"
https://www.espn.com/nba/player/_/id/4431699/kai-jones,Kai Jones23,kaijones,CharlotteHornets,PF,20,"6' 10""",221 lbs,Texas,"$2,770,560"
https://www.espn.com/nba/player/_/id/4230551/arnoldas-kulboka,Arnoldas Kulboka98,arnoldaskulboka,CharlotteHornets,PF,23,"6' 10""",209 lbs,--,--
https://www.espn.com/nba/player/_/id/4432812/scottie-lewis,Scottie Lewis16,scottielewis,CharlotteHornets,SG,21,"6' 5""",185 lbs,Florida,--
https://www.espn.com/nba/player/_/id/3138161/cody-martin,Cody Martin11,codymartin,CharlotteHornets,SF,26,"6' 6""",205 lbs,Nevada,"$1,782,621"
https://www.espn.com/nba/player/_/id/4066731/jalen-mcdaniels,Jalen McDaniels6,jalenmcdaniels,CharlotteHornets,PF,23,"6' 9""",205 lbs,San Diego State,"$1,782,621"
https://www.espn.com/nba/player/_/id/3133603/kelly-oubre-jr,Kelly Oubre Jr.12,kellyoubrejr,CharlotteHornets,SG,25,"6' 6""",203 lbs,Kansas,"$12,000,000"
https://www.espn.com/nba/player/_/id/2488653/mason-plumlee,Mason Plumlee24,masonplumlee,CharlotteHornets,C,31,"6' 11""",254 lbs,Duke,"$9,248,333"
https://www.espn.com/nba/player/_/id/4278076/nick-richards,Nick Richards14,nickrichards,CharlotteHornets,C,23,"7' 0""",245 lbs,Kentucky,"$1,517,981"
https://www.espn.com/nba/player/_/id/3074752/terry-rozier,Terry Rozier3,terryrozier,CharlotteHornets,SG,27,"6' 1""",190 lbs,Louisville,"$17,905,263"
https://www.espn.com/nba/player/_/id/4305/ish-smith,Ish Smith10,ishsmith,CharlotteHornets,PG,33,"6' 0""",175 lbs,Wake Forest,"$4,500,000"
https://www.espn.com/nba/player/_/id/4702233/jt-thor,JT Thor21,jtthor,CharlotteHornets,PF,19,"6' 9""",203 lbs,Auburn,"$1,250,000"
https://www.espn.com/nba/player/_/id/4278078/pj-washington,P.J. Washington25,pjwashington,CharlotteHornets,PF,23,"6' 7""",230 lbs,Kentucky,"$4,215,120"
https://www.espn.com/nba/player/_/id/4066261/bam-adebayo,Bam Adebayo13,bamadebayo,MiamiHeat,C,24,"6' 9""",255 lbs,Kentucky,"$28,103,500"
https://www.espn.com/nba/player/_/id/6430/jimmy-butler,Jimmy Butler22,jimmybutler,MiamiHeat,SF,32,"6' 7""",230 lbs,Marquette,"$36,016,200"
https://www.espn.com/nba/player/_/id/2580913/dewayne-dedmon,Dewayne Dedmon21,dewaynededmon,MiamiHeat,C,32,"7' 0""",245 lbs,USC,"$1,669,178"
https://www.espn.com/nba/player/_/id/4277892/marcus-garrett,Marcus Garrett0,marcusgarrett,MiamiHeat,SG,23,"6' 5""",205 lbs,Kansas,--
https://www.espn.com/nba/player/_/id/2184/udonis-haslem,Udonis Haslem40,udonishaslem,MiamiHeat,PF,41,"6' 8""",235 lbs,Florida,"$1,669,178"
https://www.espn.com/nba/player/_/id/4395725/tyler-herro,Tyler Herro14,tylerherro,MiamiHeat,PG,21,"6' 5""",195 lbs,Kentucky,"$4,004,280"
https://www.espn.com/nba/player/_/id/3012/kyle-lowry,Kyle Lowry7,kylelowry,MiamiHeat,PG,35,"6' 0""",196 lbs,Villanova,"$26,894,128"
https://www.espn.com/nba/player/_/id/3138160/caleb-martin,Caleb Martin16,calebmartin,MiamiHeat,SF,26,"6' 5""",205 lbs,Nevada,"$1,782,621"
https://www.espn.com/nba/player/_/id/6461/markieff-morris,Markieff Morris8,markieffmorris,MiamiHeat,PF,32,"6' 9""",245 lbs,Kansas,"$1,669,178"
https://www.espn.com/nba/player/_/id/4278521/kz-okpala,KZ Okpala11,kzokpala,MiamiHeat,SF,22,"6' 8""",215 lbs,Stanford,"$1,782,621"
https://www.espn.com/nba/player/_/id/2527963/victor-oladipo,Victor Oladipo4,victoroladipo,MiamiHeat,SG,29,"6' 4""",213 lbs,Indiana,"$1,669,178"
https://www.espn.com/nba/player/_/id/3157465/duncan-robinson,Duncan Robinson55,duncanrobinson,MiamiHeat,SG,27,"6' 7""",215 lbs,Michigan,"$15,650,000"
https://www.espn.com/nba/player/_/id/4065778/max-strus,Max Strus31,maxstrus,MiamiHeat,SG,25,"6' 5""",215 lbs,DePaul,"$1,669,178"
https://www.espn.com/nba/player/_/id/3033/pj-tucker,P.J. Tucker17,pjtucker,MiamiHeat,PF,36,"6' 5""",245 lbs,Texas,"$7,000,000"
https://www.espn.com/nba/player/_/id/3137259/gabe-vincent,Gabe Vincent2,gabevincent,MiamiHeat,PG,25,"6' 3""",200 lbs,UC Santa Barbara,"$1,669,178"
https://www.espn.com/nba/player/_/id/3074213/omer-yurtseven,Omer Yurtseven77,omeryurtseven,MiamiHeat,C,23,"6' 11""",275 lbs,Georgetown,"$1,489,065"
https://www.espn.com/nba/player/_/id/4432809/cole-anthony,Cole Anthony50,coleanthony,OrlandoMagic,PG,21,"6' 3""",185 lbs,North Carolina,"$3,449,400"
https://www.espn.com/nba/player/_/id/4277919/mo-bamba,Mo Bamba5,mobamba,OrlandoMagic,C,23,"7' 0""",231 lbs,Texas,"$7,568,743"
https://www.espn.com/nba/player/_/id/4397205/ignas-brazdeikis,Ignas Brazdeikis17,ignasbrazdeikis,OrlandoMagic,SF,22,"6' 6""",221 lbs,Michigan,--
https://www.espn.com/nba/player/_/id/4277847/wendell-carter-jr,Wendell Carter Jr.34,wendellcarterjr,OrlandoMagic,C,22,"6' 10""",270 lbs,Duke,"$6,920,027"
https://www.espn.com/nba/player/_/id/2596108/michael-carter-williams,Michael Carter-Williams7,michaelcarterwilliams,OrlandoMagic,PG,30,"6' 5""",190 lbs,Syracuse,"$3,300,000"
https://www.espn.com/nba/player/_/id/4066636/markelle-fultz,Markelle Fultz20,markellefultz,OrlandoMagic,PG,23,"6' 4""",209 lbs,Washington,"$16,500,000"
https://www.espn.com/nba/player/_/id/4590530/rj-hampton,R.J. Hampton13,rjhampton,OrlandoMagic,PG,20,"6' 4""",175 lbs,--,"$2,303,040"
https://www.espn.com/nba/player/_/id/2999547/gary-harris,Gary Harris14,garyharris,OrlandoMagic,SG,27,"6' 4""",210 lbs,Michigan State,"$20,482,143"
https://www.espn.com/nba/player/_/id/4065654/jonathan-isaac,Jonathan Isaac1,jonathanisaac,OrlandoMagic,PF,24,"6' 10""",230 lbs,Florida State,"$17,400,000"
https://www.espn.com/nba/player/_/id/3447/robin-lopez,Robin Lopez33,robinlopez,OrlandoMagic,C,33,"7' 0""",281 lbs,Stanford,"$5,000,000"
https://www.espn.com/nba/player/_/id/6460/etwaun-moore,E'Twaun Moore55,etwaunmoore,OrlandoMagic,G,32,"6' 3""",191 lbs,Purdue,"$1,669,178"
https://www.espn.com/nba/player/_/id/3936298/mychal-mulder,Mychal Mulder15,mychalmulder,OrlandoMagic,G,27,"6' 3""",184 lbs,Kentucky,"$1,782,621"
https://www.espn.com/nba/player/_/id/4278052/chuma-okeke,Chuma Okeke3,chumaokeke,OrlandoMagic,PF,23,"6' 6""",229 lbs,Auburn,"$3,277,080"
https://www.espn.com/nba/player/_/id/6619/terrence-ross,Terrence Ross31,terrenceross,OrlandoMagic,SG,30,"6' 6""",206 lbs,Washington,"$12,500,000"
https://www.espn.com/nba/player/_/id/4432165/jalen-suggs,Jalen Suggs4,jalensuggs,OrlandoMagic,SG,20,"6' 5""",205 lbs,Gonzaga,"$6,593,040"
https://www.espn.com/nba/player/_/id/4066378/jon-teske,Jon Teske15,jonteske,OrlandoMagic,C,24,"7' 1""",265 lbs,Michigan,--
https://www.espn.com/nba/player/_/id/3064539/sindarius-thornwell,Sindarius Thornwell15,sindariusthornwell,OrlandoMagic,SG,26,"6' 4""",215 lbs,South Carolina,--
https://www.espn.com/nba/player/_/id/4566434/franz-wagner,Franz Wagner22,franzwagner,OrlandoMagic,SF,20,"6' 10""",220 lbs,Michigan,"$5,007,840"
https://www.espn.com/nba/player/_/id/3150844/moritz-wagner,Moritz Wagner21,moritzwagner,OrlandoMagic,C,24,"6' 11""",245 lbs,Michigan,"$1,729,217"
https://www.espn.com/nba/player/_/id/4683021/deni-avdija,Deni Avdija9,deniavdija,WashingtonWizards,SF,20,"6' 9""",210 lbs,--,"$4,692,840"
https://www.espn.com/nba/player/_/id/4280150/joel-ayayi,Joel Ayayi17,joelayayi,WashingtonWizards,G,21,"6' 4""",180 lbs,Gonzaga,--
https://www.espn.com/nba/player/_/id/6580/bradley-beal,Bradley Beal3,bradleybeal,WashingtonWizards,SG,28,"6' 4""",207 lbs,Florida,"$33,724,200"
https://www.espn.com/nba/player/_/id/6426/davis-bertans,Davis Bertans42,davisbertans,WashingtonWizards,SF,29,"6' 10""",225 lbs,--,"$16,000,000"
https://www.espn.com/nba/player/_/id/3934723/thomas-bryant,Thomas Bryant13,thomasbryant,WashingtonWizards,C,24,"6' 10""",248 lbs,Indiana,"$8,666,667"
https://www.espn.com/nba/player/_/id/2581018/kentavious-caldwell-pope,Kentavious Caldwell-Pope1,kentaviouscaldwellpope,WashingtonWizards,SG,28,"6' 5""",204 lbs,Georgia,"$13,038,862"
https://www.espn.com/nba/player/_/id/2580782/spencer-dinwiddie,Spencer Dinwiddie26,spencerdinwiddie,WashingtonWizards,PG,28,"6' 6""",215 lbs,Colorado,"$17,142,857"
https://www.espn.com/nba/player/_/id/4278049/daniel-gafford,Daniel Gafford21,danielgafford,WashingtonWizards,C,23,"6' 9""",234 lbs,Arkansas,"$1,782,621"
https://www.espn.com/nba/player/_/id/2581184/anthony-gill,Anthony Gill16,anthonygill,WashingtonWizards,PF,29,"6' 7""",230 lbs,Virginia,"$1,517,981"
https://www.espn.com/nba/player/_/id/4066648/rui-hachimura,Rui Hachimura8,ruihachimura,WashingtonWizards,PF,23,"6' 8""",230 lbs,Gonzaga,"$4,916,160"
https://www.espn.com/nba/player/_/id/2991055/montrezl-harrell,Montrezl Harrell6,montrezlharrell,WashingtonWizards,C,27,"6' 7""",240 lbs,Louisville,"$9,720,900"
https://www.espn.com/nba/player/_/id/3922230/aaron-holiday,Aaron Holiday4,aaronholiday,WashingtonWizards,PG,25,"6' 0""",185 lbs,UCLA,"$3,980,551"
https://www.espn.com/nba/player/_/id/4280151/corey-kispert,Corey Kispert24,coreykispert,WashingtonWizards,SF,22,"6' 6""",224 lbs,Gonzaga,"$3,383,640"
https://www.espn.com/nba/player/_/id/3134907/kyle-kuzma,Kyle Kuzma33,kylekuzma,WashingtonWizards,SF,26,"6' 9""",221 lbs,Utah,"$13,000,000"
https://www.espn.com/nba/player/_/id/2968361/raul-neto,Raul Neto19,raulneto,WashingtonWizards,PG,29,"6' 2""",180 lbs,--,"$1,669,178"
https://www.espn.com/nba/player/_/id/4715198/isaiah-todd,Isaiah Todd14,isaiahtodd,WashingtonWizards,PF,20,"6' 9""",219 lbs,--,"$1,500,000"
https://www.espn.com/nba/player/_/id/4066382/cassius-winston,Cassius Winston5,cassiuswinston,WashingtonWizards,PG,23,"6' 1""",185 lbs,Michigan State,--
https://www.espn.com/nba/player/_/id/6579/will-barton,Will Barton5,willbarton,DenverNuggets,SF,30,"6' 5""",181 lbs,Memphis,"$15,625,000"
https://www.espn.com/nba/player/_/id/4397102/bol-bol,Bol Bol10,bolbol,DenverNuggets,C,21,"7' 2""",220 lbs,Oregon,"$2,161,152"
https://www.espn.com/nba/player/_/id/2968334/facundo-campazzo,Facundo Campazzo7,facundocampazzo,DenverNuggets,PG,30,"5' 10""",195 lbs,--,"$3,200,000"
https://www.espn.com/nba/player/_/id/4230557/vlatko-cancar,Vlatko Cancar31,vlatkocancar,DenverNuggets,SF,24,"6' 8""",236 lbs,--,"$1,782,621"
https://www.espn.com/nba/player/_/id/3899009/petr-cornelie,Petr Cornelie21,petrcornelie,DenverNuggets,F,26,"6' 11""",220 lbs,--,--
https://www.espn.com/nba/player/_/id/3923250/pj-dozier,P.J. Dozier35,pjdozier,DenverNuggets,SG,25,"6' 6""",205 lbs,South Carolina,"$1,910,860"
https://www.espn.com/nba/player/_/id/3064290/aaron-gordon,Aaron Gordon50,aarongordon,DenverNuggets,PF,26,"6' 8""",235 lbs,Arizona,"$16,409,091"
https://www.espn.com/nba/player/_/id/2327577/jamychal-green,JaMychal Green0,jamychalgreen,DenverNuggets,PF,31,"6' 8""",227 lbs,Alabama,"$8,200,000"
https://www.espn.com/nba/player/_/id/3209/jeff-green,Jeff Green32,jeffgreen,DenverNuggets,PF,35,"6' 8""",235 lbs,Georgetown,"$4,500,000"
https://www.espn.com/nba/player/_/id/4065805/markus-howard,Markus Howard00,markushoward,DenverNuggets,PG,22,"5' 10""",175 lbs,Marquette,--
https://www.espn.com/nba/player/_/id/4592492/bones-hyland,Bones Hyland3,boneshyland,DenverNuggets,PG,21,"6' 2""",169 lbs,Virginia Commonwealth,"$2,096,880"
https://www.espn.com/nba/player/_/id/3112335/nikola-jokic,Nikola Jokic15,nikolajokic,DenverNuggets,C,26,"6' 11""",284 lbs,--,"$31,579,390"
https://www.espn.com/nba/player/_/id/3059310/monte-morris,Monte Morris11,montemorris,DenverNuggets,PG,26,"6' 2""",183 lbs,Iowa State,"$8,449,074"
https://www.espn.com/nba/player/_/id/3936299/jamal-murray,Jamal Murray27,jamalmurray,DenverNuggets,PG,24,"6' 3""",215 lbs,Kentucky,"$29,467,800"
https://www.espn.com/nba/player/_/id/4431690/zeke-nnaji,Zeke Nnaji22,zekennaji,DenverNuggets,PF,20,"6' 9""",240 lbs,Arizona,"$2,498,760"
https://www.espn.com/nba/player/_/id/4278104/michael-porter-jr,Michael Porter Jr.1,michaelporterjr,DenverNuggets,SF,23,"6' 10""",218 lbs,Missouri,"$5,258,735"
https://www.espn.com/nba/player/_/id/6617/austin-rivers,Austin Rivers25,austinrivers,DenverNuggets,SG,29,"6' 4""",200 lbs,Duke,"$1,669,178"
https://www.espn.com/nba/player/_/id/3907822/malik-beasley,Malik Beasley5,malikbeasley,MinnesotaTimberwolves,SG,24,"6' 4""",187 lbs,Florida State,"$14,491,964"
https://www.espn.com/nba/player/_/id/3964/patrick-beverley,Patrick Beverley22,patrickbeverley,MinnesotaTimberwolves,PG,33,"6' 1""",180 lbs,Arkansas,"$14,320,988"
https://www.espn.com/nba/player/_/id/4683025/leandro-bolmaro,Leandro Bolmaro9,leandrobolmaro,MinnesotaTimberwolves,SG,21,"6' 6""",200 lbs,--,"$2,353,320"
https://www.espn.com/nba/player/_/id/4594268/anthony-edwards,Anthony Edwards1,anthonyedwards,MinnesotaTimberwolves,SF,20,"6' 4""",225 lbs,Georgia,"$10,245,480"
https://www.espn.com/nba/player/_/id/4067325/nathan-knight,Nathan Knight13,nathanknight,MinnesotaTimberwolves,F,24,"6' 10""",253 lbs,William & Mary,--
https://www.espn.com/nba/player/_/id/2982268/jake-layman,Jake Layman10,jakelayman,MinnesotaTimberwolves,SF,27,"6' 8""",209 lbs,Maryland,"$3,940,185"
https://www.espn.com/nba/player/_/id/4431671/jaden-mcdaniels,Jaden McDaniels3,jadenmcdaniels,MinnesotaTimberwolves,PF,21,"6' 9""",185 lbs,Washington,"$2,063,280"
https://www.espn.com/nba/player/_/id/3134916/jordan-mclaughlin,Jordan McLaughlin6,jordanmclaughlin,MinnesotaTimberwolves,PG,25,"5' 11""",185 lbs,USC,"$2,000,000"
https://www.espn.com/nba/player/_/id/4278541/jaylen-nowell,Jaylen Nowell4,jaylennowell,MinnesotaTimberwolves,SG,22,"6' 4""",201 lbs,Washington,"$1,782,621"
https://www.espn.com/nba/player/_/id/4065663/josh-okogie,Josh Okogie20,joshokogie,MinnesotaTimberwolves,SF,23,"6' 4""",213 lbs,Georgia Tech,"$4,087,904"
https://www.espn.com/nba/player/_/id/2990962/taurean-prince,Taurean Prince12,taureanprince,MinnesotaTimberwolves,PF,27,"6' 6""",218 lbs,Baylor,"$13,000,000"
https://www.espn.com/nba/player/_/id/4396971/naz-reid,Naz Reid11,nazreid,MinnesotaTimberwolves,C,22,"6' 9""",264 lbs,LSU,"$1,782,621"
https://www.espn.com/nba/player/_/id/3136776/dangelo-russell,D'Angelo Russell0,dangelorussell,MinnesotaTimberwolves,PG,25,"6' 4""",193 lbs,Ohio State,"$30,013,500"
https://www.espn.com/nba/player/_/id/3136195/karl-anthony-towns,Karl-Anthony Towns32,karlanthonytowns,MinnesotaTimberwolves,C,25,"6' 11""",248 lbs,Kentucky,"$31,650,600"
https://www.espn.com/nba/player/_/id/4278077/jarred-vanderbilt,Jarred Vanderbilt8,jarredvanderbilt,MinnesotaTimberwolves,PF,22,"6' 9""",214 lbs,Kentucky,"$4,050,000"
https://www.espn.com/nba/player/_/id/4278507/mckinley-wright-iv,McKinley Wright IV25,mckinleywrightiv,MinnesotaTimberwolves,PG,23,"5' 11""",192 lbs,Colorado,--
https://www.espn.com/nba/player/_/id/4423545/darius-bazley,Darius Bazley7,dariusbazley,Oklahoma CityThunder,PF,21,"6' 8""",208 lbs,--,"$2,513,040"
https://www.espn.com/nba/player/_/id/3929321/gabriel-deck,Gabriel Deck6,gabrieldeck,Oklahoma CityThunder,SF,26,"6' 6""",231 lbs,--,"$3,676,852"
https://www.espn.com/nba/player/_/id/4397020/luguentz-dort,Luguentz Dort5,luguentzdort,Oklahoma CityThunder,SF,22,"6' 3""",215 lbs,Arizona State,"$1,782,621"
https://www.espn.com/nba/player/_/id/4257/derrick-favors,Derrick Favors15,derrickfavors,Oklahoma CityThunder,C,30,"6' 9""",265 lbs,Georgia Tech,"$9,720,900"
https://www.espn.com/nba/player/_/id/4871145/josh-giddey,Josh Giddey3,joshgiddey,Oklahoma CityThunder,SG,19,"6' 8""",205 lbs,--,"$5,988,000"
https://www.espn.com/nba/player/_/id/4278073/shai-gilgeous-alexander,Shai Gilgeous-Alexander2,shaigilgeousalexander,Oklahoma CityThunder,PG,23,"6' 6""",180 lbs,Kentucky,"$5,495,532"
https://www.espn.com/nba/player/_/id/4065733/ty-jerome,Ty Jerome16,tyjerome,Oklahoma CityThunder,SG,24,"6' 5""",195 lbs,Virginia,"$2,412,840"
https://www.espn.com/nba/player/_/id/4578893/vit-krejci,Vit Krejci27,vitkrejci,Oklahoma CityThunder,SF,21,"6' 8""",195 lbs,--,"$925,258"
https://www.espn.com/nba/player/_/id/4683027/theo-maledon,Theo Maledon11,theomaledon,Oklahoma CityThunder,PG,20,"6' 4""",175 lbs,--,"$2,000,000"
https://www.espn.com/nba/player/_/id/4432819/tre-mann,Tre Mann23,tremann,Oklahoma CityThunder,PG,20,"6' 3""",178 lbs,Florida,"$2,901,240"
https://www.espn.com/nba/player/_/id/2490089/mike-muscala,Mike Muscala33,mikemuscala,Oklahoma CityThunder,C,30,"6' 10""",240 lbs,Bucknell,"$3,365,385"
https://www.espn.com/nba/player/_/id/4683018/aleksej-pokusevski,Aleksej Pokusevski17,aleksejpokusevski,Oklahoma CityThunder,PF,19,"7' 0""",190 lbs,--,"$3,113,160"
https://www.espn.com/nba/player/_/id/4432813/jeremiah-robinson-earl,Jeremiah Robinson-Earl50,jeremiahrobinsonearl,Oklahoma CityThunder,PF,21,"6' 8""",242 lbs,Villanova,"$2,000,000"
https://www.espn.com/nba/player/_/id/4066392/isaiah-roby,Isaiah Roby22,isaiahroby,Oklahoma CityThunder,F,23,"6' 8""",230 lbs,Nebraska,"$1,782,621"
https://www.espn.com/nba/player/_/id/3058030/paul-watson,Paul Watson8,paulwatson,Oklahoma CityThunder,SG,26,"6' 6""",210 lbs,Fresno State,"$1,701,593"
https://www.espn.com/nba/player/_/id/4397183/aaron-wiggins,Aaron Wiggins21,aaronwiggins,Oklahoma CityThunder,SG,22,"6' 4""",190 lbs,Maryland,--
https://www.espn.com/nba/player/_/id/3133626/kenrich-williams,Kenrich Williams34,kenrichwilliams,Oklahoma CityThunder,SF,26,"6' 6""",210 lbs,TCU,"$2,000,000"
https://www.espn.com/nba/player/_/id/3152335/keljin-blevins,Keljin Blevins21,keljinblevins,PortlandTrail Blazers,SF,25,"6' 4""",200 lbs,Montana State,--
https://www.espn.com/nba/player/_/id/4432161/greg-brown-iii,Greg Brown III4,gregbrowniii,PortlandTrail Blazers,PF,20,"6' 7""",206 lbs,Texas,"$925,258"
https://www.espn.com/nba/player/_/id/2490620/robert-covington,Robert Covington33,robertcovington,PortlandTrail Blazers,PF,30,"6' 7""",209 lbs,Tennessee State,"$12,975,471"
https://www.espn.com/nba/player/_/id/4397166/cj-elleby,CJ Elleby16,cjelleby,PortlandTrail Blazers,SG,21,"6' 6""",200 lbs,Washington State,"$1,517,981"
https://www.espn.com/nba/player/_/id/6606/damian-lillard,Damian Lillard0,damianlillard,PortlandTrail Blazers,PG,31,"6' 2""",195 lbs,Weber State,"$39,344,900"
https://www.espn.com/nba/player/_/id/4395652/nassir-little,Nassir Little9,nassirlittle,PortlandTrail Blazers,SF,21,"6' 5""",220 lbs,North Carolina,"$2,316,240"
https://www.espn.com/nba/player/_/id/2490149/cj-mccollum,CJ McCollum3,cjmccollum,PortlandTrail Blazers,SG,30,"6' 3""",190 lbs,Lehigh,"$30,864,198"
https://www.espn.com/nba/player/_/id/2578213/ben-mclemore,Ben McLemore23,benmclemore,PortlandTrail Blazers,SG,28,"6' 3""",195 lbs,Kansas,"$1,669,178"
https://www.espn.com/nba/player/_/id/2580365/larry-nance-jr,Larry Nance Jr.11,larrynancejr,PortlandTrail Blazers,PF,28,"6' 7""",245 lbs,Wyoming,"$10,690,909"
https://www.espn.com/nba/player/_/id/3102530/jusuf-nurkic,Jusuf Nurkic27,jusufnurkic,PortlandTrail Blazers,C,27,"6' 11""",290 lbs,--,"$12,000,000"
https://www.espn.com/nba/player/_/id/2595516/norman-powell,Norman Powell24,normanpowell,PortlandTrail Blazers,SF,28,"6' 3""",215 lbs,UCLA,"$15,517,241"
https://www.espn.com/nba/player/_/id/4351851/anfernee-simons,Anfernee Simons1,anferneesimons,PortlandTrail Blazers,SG,22,"6' 3""",181 lbs,--,"$3,938,818"
https://www.espn.com/nba/player/_/id/4065697/dennis-smith-jr,Dennis Smith Jr.10,dennissmithjr,PortlandTrail Blazers,PG,23,"6' 2""",205 lbs,North Carolina State,"$1,669,178"
https://www.espn.com/nba/player/_/id/2528353/tony-snell,Tony Snell17,tonysnell,PortlandTrail Blazers,SF,30,"6' 6""",213 lbs,New Mexico,"$1,669,178"
https://www.espn.com/nba/player/_/id/4431675/trendon-watford,Trendon Watford2,trendonwatford,PortlandTrail Blazers,PF,21,"6' 8""",237 lbs,LSU,--
https://www.espn.com/nba/player/_/id/2579258/cody-zeller,Cody Zeller40,codyzeller,PortlandTrail Blazers,C,29,"6' 11""",240 lbs,Indiana,"$1,669,178"
https://www.espn.com/nba/player/_/id/4066299/udoka-azubuike,Udoka Azubuike20,udokaazubuike,UtahJazz,C,22,"7' 0""",270 lbs,Kansas,"$2,075,880"
https://www.espn.com/nba/player/_/id/3593/bojan-bogdanovic,Bojan Bogdanovic44,bojanbogdanovic,UtahJazz,SF,32,"6' 7""",226 lbs,--,"$18,700,000"
https://www.espn.com/nba/player/_/id/4395695/jared-butler,Jared Butler13,jaredbutler,UtahJazz,SG,21,"6' 3""",193 lbs,Baylor,"$925,258"
https://www.espn.com/nba/player/_/id/2528426/jordan-clarkson,Jordan Clarkson00,jordanclarkson,UtahJazz,PG,29,"6' 4""",194 lbs,Missouri,"$12,420,000"
https://www.espn.com/nba/player/_/id/3195/mike-conley,Mike Conley11,mikeconley,UtahJazz,PG,34,"6' 1""",175 lbs,Ohio State,"$21,000,000"
https://www.espn.com/nba/player/_/id/4066467/malik-fitts,Malik Fitts24,malikfitts,UtahJazz,F,24,"6' 5""",230 lbs,Saint Mary's,--
https://www.espn.com/nba/player/_/id/4065656/trent-forrest,Trent Forrest3,trentforrest,UtahJazz,SG,23,"6' 4""",210 lbs,Florida State,--
https://www.espn.com/nba/player/_/id/3005/rudy-gay,Rudy Gay8,rudygay,UtahJazz,SF,35,"6' 8""",250 lbs,Connecticut,"$5,890,000"
https://www.espn.com/nba/player/_/id/3032976/rudy-gobert,Rudy Gobert27,rudygobert,UtahJazz,C,29,"7' 1""",258 lbs,--,"$35,344,828"
https://www.espn.com/nba/player/_/id/4066446/elijah-hughes,Elijah Hughes33,elijahhughes,UtahJazz,SF,23,"6' 5""",215 lbs,Syracuse,"$1,517,981"
https://www.espn.com/nba/player/_/id/2968436/joe-ingles,Joe Ingles2,joeingles,UtahJazz,SG,34,"6' 8""",220 lbs,--,"$13,036,364"
https://www.espn.com/nba/player/_/id/3908809/donovan-mitchell,Donovan Mitchell45,donovanmitchell,UtahJazz,SG,25,"6' 1""",215 lbs,Louisville,"$28,103,500"
https://www.espn.com/nba/player/_/id/2583632/royce-oneale,Royce O'Neale23,royceoneale,UtahJazz,PF,28,"6' 5""",226 lbs,Baylor,"$8,800,000"
https://www.espn.com/nba/player/_/id/4066851/miye-oni,Miye Oni81,miyeoni,UtahJazz,SG,24,"6' 5""",206 lbs,Yale,"$1,782,621"
https://www.espn.com/nba/player/_/id/3133817/eric-paschall,Eric Paschall0,ericpaschall,UtahJazz,F,25,"6' 6""",255 lbs,Villanova,"$1,782,621"
https://www.espn.com/nba/player/_/id/4262/hassan-whiteside,Hassan Whiteside21,hassanwhiteside,UtahJazz,C,32,"7' 0""",265 lbs,Marshall,"$1,669,178"
